<http://rdf.freebase.com/ns/m.0kprc8>,397
<http://rdf.freebase.com/ns/m.042fgh>,22
<http://rdf.freebase.com/ns/m.0184tc>,17
<http://rdf.freebase.com/ns/m.0dr8s_>,17
<http://rdf.freebase.com/ns/m.04rxsz>,16
<http://rdf.freebase.com/ns/m.02lk60>,73
<http://rdf.freebase.com/ns/m.03hxsv>,51
<http://rdf.freebase.com/ns/m.05zqxpt>,16
<http://rdf.freebase.com/ns/m.01c9d>,17
<http://rdf.freebase.com/ns/m.0813q9>,22
<http://rdf.freebase.com/ns/m.03209l>,20
<http://rdf.freebase.com/ns/m.04jpg2p>,40
<http://rdf.freebase.com/ns/m.0d1n0q>,29
<http://rdf.freebase.com/ns/m.0bnz5h>,20
<http://rdf.freebase.com/ns/m.0n05v>,56
<http://rdf.freebase.com/ns/m.037s6_>,19
<http://rdf.freebase.com/ns/m.03bxp5>,17
<http://rdf.freebase.com/ns/m.026y3vk>,23
<http://rdf.freebase.com/ns/m.0fr63l>,22
<http://rdf.freebase.com/ns/m.04h3j4>,17
<http://rdf.freebase.com/ns/m.015bpl>,19
<http://rdf.freebase.com/ns/m.04qbcf>,18
<http://rdf.freebase.com/ns/m.04gv3db>,49
<http://rdf.freebase.com/ns/m.03mh94>,21
<http://rdf.freebase.com/ns/m.0bx0l>,21
<http://rdf.freebase.com/ns/m.0jwvf>,50
<http://rdf.freebase.com/ns/m.0crrc8>,19
<http://rdf.freebase.com/ns/m.0d4htf>,19
<http://rdf.freebase.com/ns/m.0729rh>,46
<http://rdf.freebase.com/ns/m.011x_4>,16
<http://rdf.freebase.com/ns/m.047vqdd>,16
<http://rdf.freebase.com/ns/m.047v27>,21
<http://rdf.freebase.com/ns/m.07y9w5>,17
<http://rdf.freebase.com/ns/m.08pfr9>,18
<http://rdf.freebase.com/ns/m.02q52q>,29
<http://rdf.freebase.com/ns/m.022lv4>,20
<http://rdf.freebase.com/ns/m.01r35n>,17
<http://rdf.freebase.com/ns/m.06t_bd>,25
<http://rdf.freebase.com/ns/m.057jdv>,19
<http://rdf.freebase.com/ns/m.025rvx0>,18
<http://rdf.freebase.com/ns/m.037j_8>,20
<http://rdf.freebase.com/ns/m.01mr29>,16
<http://rdf.freebase.com/ns/m.073v9d>,25
<http://rdf.freebase.com/ns/m.05c1x2g>,58
<http://rdf.freebase.com/ns/m.0cxnx_>,16
<http://rdf.freebase.com/ns/m.01_mdl>,24
<http://rdf.freebase.com/ns/m.07mpbj>,20
<http://rdf.freebase.com/ns/m.02x6dqb>,17
<http://rdf.freebase.com/ns/m.0747q4>,19
<http://rdf.freebase.com/ns/m.0c9k8>,17
<http://rdf.freebase.com/ns/m.05k8wg>,16
<http://rdf.freebase.com/ns/m.01y4gy>,18
<http://rdf.freebase.com/ns/m.02p595>,22
<http://rdf.freebase.com/ns/m.06crgb>,23
<http://rdf.freebase.com/ns/m.03q05j>,18
<http://rdf.freebase.com/ns/m.05pxnmb>,17
<http://rdf.freebase.com/ns/m.03bx2lk>,24
<http://rdf.freebase.com/ns/m.0gcpc>,16
<http://rdf.freebase.com/ns/m.026hpg_>,19
<http://rdf.freebase.com/ns/m.042g97>,23
<http://rdf.freebase.com/ns/m.0b1klw>,16
<http://rdf.freebase.com/ns/m.0hmk4>,18
<http://rdf.freebase.com/ns/m.02rn00y>,75
<http://rdf.freebase.com/ns/m.02p775>,17
<http://rdf.freebase.com/ns/m.01dc46>,23
<http://rdf.freebase.com/ns/m.0hmr4>,17
<http://rdf.freebase.com/ns/m.02vrd4z>,20
<http://rdf.freebase.com/ns/m.042y1c>,52
<http://rdf.freebase.com/ns/m.0kgxf>,39
<http://rdf.freebase.com/ns/m.0204dm>,36
<http://rdf.freebase.com/ns/m.0243cq>,51
<http://rdf.freebase.com/ns/m.09kgqdq>,17
<http://rdf.freebase.com/ns/m.01d2v1>,18
<http://rdf.freebase.com/ns/m.050xxm>,32
<http://rdf.freebase.com/ns/m.04f74c>,17
<http://rdf.freebase.com/ns/m.027j9wd>,46
<http://rdf.freebase.com/ns/m.0b4k1y>,27
<http://rdf.freebase.com/ns/m.01f7kl>,16
<http://rdf.freebase.com/ns/m.01242_>,19
<http://rdf.freebase.com/ns/m.01r6s5>,16
<http://rdf.freebase.com/ns/m.04m1bm>,16
<http://rdf.freebase.com/ns/m.032pdj>,17
<http://rdf.freebase.com/ns/m.0f_jd3>,39
<http://rdf.freebase.com/ns/m.06zkfsy>,21
<http://rdf.freebase.com/ns/m.0hv9p>,18
<http://rdf.freebase.com/ns/m.02gz3x>,18
<http://rdf.freebase.com/ns/m.02qhqz4>,78
<http://rdf.freebase.com/ns/m.0bt4g>,17
<http://rdf.freebase.com/ns/m.02qdzp9>,18
<http://rdf.freebase.com/ns/m.03hxxd>,17
<http://rdf.freebase.com/ns/m.016ztl>,39
<http://rdf.freebase.com/ns/m.04vb8b>,17
<http://rdf.freebase.com/ns/m.02sdp4>,24
<http://rdf.freebase.com/ns/m.08fm68>,19
<http://rdf.freebase.com/ns/m.09cyky>,16
<http://rdf.freebase.com/ns/m.02xbyr>,20
<http://rdf.freebase.com/ns/m.06y79v>,22
<http://rdf.freebase.com/ns/m.0c5clj>,16
<http://rdf.freebase.com/ns/m.05kfhz>,16
<http://rdf.freebase.com/ns/m.0b3n61>,46
<http://rdf.freebase.com/ns/m.06fcqw>,55
<http://rdf.freebase.com/ns/m.034qmv>,20
<http://rdf.freebase.com/ns/m.0g78fh>,16
<http://rdf.freebase.com/ns/m.04h3br>,16
<http://rdf.freebase.com/ns/m.080ch5h>,17
<http://rdf.freebase.com/ns/m.0642xf3>,18
<http://rdf.freebase.com/ns/m.0d_2fb>,16
<http://rdf.freebase.com/ns/m.014zwb>,29
<http://rdf.freebase.com/ns/m.05650n>,42
<http://rdf.freebase.com/ns/m.02qn3z9>,16
<http://rdf.freebase.com/ns/m.08vsmy>,27
<http://rdf.freebase.com/ns/m.03nfnx>,56
<http://rdf.freebase.com/ns/m.076xkdz>,27
<http://rdf.freebase.com/ns/m.01dybc>,19
<http://rdf.freebase.com/ns/m.07h0zf>,16
<http://rdf.freebase.com/ns/m.03y025l>,22
<http://rdf.freebase.com/ns/m.0386bw>,20
<http://rdf.freebase.com/ns/m.0hv8w>,16
<http://rdf.freebase.com/ns/m.07zkn7>,19
<http://rdf.freebase.com/ns/m.02rkv82>,17
<http://rdf.freebase.com/ns/m.04vcfx>,22
<http://rdf.freebase.com/ns/m.03qflm>,17
<http://rdf.freebase.com/ns/m.0cwph8>,21
<http://rdf.freebase.com/ns/m.0d20nx>,22
<http://rdf.freebase.com/ns/m.0294zg>,18
<http://rdf.freebase.com/ns/m.0dggzn>,25
<http://rdf.freebase.com/ns/m.02x8fs>,17
<http://rdf.freebase.com/ns/m.04qbhwn>,20
<http://rdf.freebase.com/ns/m.04vl3c>,18
<http://rdf.freebase.com/ns/m.0dgt4t>,19
<http://rdf.freebase.com/ns/m.015x74>,19
<http://rdf.freebase.com/ns/m.06qhyd>,24
<http://rdf.freebase.com/ns/m.01xv3c>,18
<http://rdf.freebase.com/ns/m.0fq0b9f>,19
<http://rdf.freebase.com/ns/m.085bd1>,17
<http://rdf.freebase.com/ns/m.0hnfdrl>,16
<http://rdf.freebase.com/ns/m.0k2sk>,32
<http://rdf.freebase.com/ns/m.0dy1r2>,17
<http://rdf.freebase.com/ns/m.0btswm>,18
<http://rdf.freebase.com/ns/m.0749gc>,16
<http://rdf.freebase.com/ns/m.05ytm8>,17
<http://rdf.freebase.com/ns/m.01sbv9>,51
<http://rdf.freebase.com/ns/m.01yz89>,18
<http://rdf.freebase.com/ns/m.0gm1563>,16
<http://rdf.freebase.com/ns/m.04j2hj2>,24
<http://rdf.freebase.com/ns/m.095xrt>,19
<http://rdf.freebase.com/ns/m.06w44l>,22
<http://rdf.freebase.com/ns/m.071qr3>,25
<http://rdf.freebase.com/ns/m.052pr8q>,17
<http://rdf.freebase.com/ns/m.08ggfz>,35
<http://rdf.freebase.com/ns/m.08pz9v>,18
<http://rdf.freebase.com/ns/m.05cvgl>,19
<http://rdf.freebase.com/ns/m.091937>,27
<http://rdf.freebase.com/ns/m.03gqjng>,16
<http://rdf.freebase.com/ns/m.0d_wms>,17
<http://rdf.freebase.com/ns/m.09p3ry>,20
<http://rdf.freebase.com/ns/m.0ft18>,19
<http://rdf.freebase.com/ns/m.06ztvyx>,20
<http://rdf.freebase.com/ns/m.07kry2>,17
<http://rdf.freebase.com/ns/m.055pdn>,17
<http://rdf.freebase.com/ns/m.04000h>,21
<http://rdf.freebase.com/ns/m.0202hr>,20
<http://rdf.freebase.com/ns/m.02x3klr>,18
<http://rdf.freebase.com/ns/base.schemastaging.context_name>,30
<http://rdf.freebase.com/ns/m.02qmptg>,16
<http://rdf.freebase.com/ns/m.08m1s2>,30
<http://rdf.freebase.com/ns/m.04cy8y>,16
<http://rdf.freebase.com/ns/m.0dr3sl>,65
<http://rdf.freebase.com/ns/m.05h2sch>,24
<http://rdf.freebase.com/ns/m.0_9l_>,16
<http://rdf.freebase.com/ns/m.093gf2>,44
<http://rdf.freebase.com/ns/m.078z_r>,51
<http://rdf.freebase.com/ns/m.0j6b5>,84
<http://rdf.freebase.com/ns/m.03tbg6>,18
<http://rdf.freebase.com/ns/m.0b1zdx>,17
<http://rdf.freebase.com/ns/m.0crrsxd>,17
<http://rdf.freebase.com/ns/m.0bs4r>,17
<http://rdf.freebase.com/ns/m.0274ng6>,17
<http://rdf.freebase.com/ns/m.04sm94>,17
<http://rdf.freebase.com/ns/m.02_sqq>,16
<http://rdf.freebase.com/ns/m.0dq626>,18
<http://rdf.freebase.com/ns/m.079ntq>,17
<http://rdf.freebase.com/ns/m.0sxgv>,19
<http://rdf.freebase.com/ns/m.04b4pq>,19
<http://rdf.freebase.com/ns/m.035_kw>,17
<http://rdf.freebase.com/ns/m.01n8hp>,19
<http://rdf.freebase.com/ns/m.04j1ckg>,16
<http://rdf.freebase.com/ns/m.0jyb4>,21
<http://rdf.freebase.com/ns/m.09gmjwq>,16
<http://rdf.freebase.com/ns/m.02rfs1>,24
<http://rdf.freebase.com/ns/m.031778>,22
<http://rdf.freebase.com/ns/m.04f76fm>,21
<http://rdf.freebase.com/ns/m.0m9p3>,16
<http://rdf.freebase.com/ns/m.03d98w3>,22
<http://rdf.freebase.com/ns/m.03s44q>,22
<http://rdf.freebase.com/ns/m.02dwj>,17
<http://rdf.freebase.com/ns/m.096rsz>,17
<http://rdf.freebase.com/ns/m.0642ykh>,17
<http://rdf.freebase.com/ns/m.05zpnrs>,16
<http://rdf.freebase.com/ns/m.04165w>,38
<http://rdf.freebase.com/ns/m.026gt8b>,18
<http://rdf.freebase.com/ns/m.0kv4wx>,45
<http://rdf.freebase.com/ns/m.032x31>,16
<http://rdf.freebase.com/ns/m.03g7m3>,29
<http://rdf.freebase.com/ns/m.012x63>,62
<http://rdf.freebase.com/ns/m.0qmfk>,19
<http://rdf.freebase.com/ns/m.0k54q>,19
<http://rdf.freebase.com/ns/m.02rjv2w>,17
<http://rdf.freebase.com/ns/m.08s6mr>,44
<http://rdf.freebase.com/ns/m.0dtfn>,23
<http://rdf.freebase.com/ns/m.03177r>,45
<http://rdf.freebase.com/ns/m.0hmm7>,17
<http://rdf.freebase.com/ns/m.04z5ml>,16
<http://rdf.freebase.com/ns/m.09c_pm>,22
<http://rdf.freebase.com/ns/m.03dbyz>,26
<http://rdf.freebase.com/ns/m.04j2jrv>,16
<http://rdf.freebase.com/ns/m.05z6k4>,16
<http://rdf.freebase.com/ns/m.06x6yg>,17
<http://rdf.freebase.com/ns/m.07yp85>,19
<http://rdf.freebase.com/ns/m.0dc36f>,17
<http://rdf.freebase.com/ns/m.07cdz>,18
<http://rdf.freebase.com/ns/m.03hl13v>,19
<http://rdf.freebase.com/ns/m.03176f>,18
<http://rdf.freebase.com/ns/m.0b4lkx>,16
<http://rdf.freebase.com/ns/m.04h3m_>,19
<http://rdf.freebase.com/ns/m.03w99hd>,16
<http://rdf.freebase.com/ns/m.0f4yh>,17
<http://rdf.freebase.com/ns/m.05lh37>,19
<http://rdf.freebase.com/ns/m.03m3xm8>,17
<http://rdf.freebase.com/ns/m.04tz52>,28
<http://rdf.freebase.com/ns/m.08s6ry>,18
<http://rdf.freebase.com/ns/m.06s5ct>,18
<http://rdf.freebase.com/ns/m.0dfw0>,19
<http://rdf.freebase.com/ns/m.063fh9>,58
<http://rdf.freebase.com/ns/m.046vs6>,16
<http://rdf.freebase.com/ns/m.03nxb8m>,21
<http://rdf.freebase.com/ns/m.0f5hd8>,16
<http://rdf.freebase.com/ns/m.037cr1>,17
<http://rdf.freebase.com/ns/m.02rvdw8>,20
<http://rdf.freebase.com/ns/m.09146g>,22
<http://rdf.freebase.com/ns/m.07nn0>,20
<http://rdf.freebase.com/ns/m.036fxp>,19
<http://rdf.freebase.com/ns/m.04f52jw>,51
<http://rdf.freebase.com/ns/m.04yfcdd>,16
<http://rdf.freebase.com/ns/m.079xmk>,16
<http://rdf.freebase.com/ns/m.0f3m1>,19
<http://rdf.freebase.com/ns/m.0b60sq>,70
<http://rdf.freebase.com/ns/m.0dc7hc>,19
<http://rdf.freebase.com/ns/m.05qbbfb>,20
<http://rdf.freebase.com/ns/m.0344xk>,17
<http://rdf.freebase.com/ns/m.06w839_>,48
<http://rdf.freebase.com/ns/m.0dcxr2>,18
<http://rdf.freebase.com/ns/m.097j2g>,16
<http://rdf.freebase.com/ns/m.047rlf9>,16
<http://rdf.freebase.com/ns/m.0hv27>,16
<http://rdf.freebase.com/ns/m.04k9y6>,19
<http://rdf.freebase.com/ns/m.037_84>,16
<http://rdf.freebase.com/ns/m.0p9tm>,20
<http://rdf.freebase.com/ns/m.02772bj>,18
<http://rdf.freebase.com/ns/m.0bbmkh>,31
<http://rdf.freebase.com/ns/m.09tyw4>,16
<http://rdf.freebase.com/ns/m.02ctc6>,17
<http://rdf.freebase.com/ns/m.03py6p>,19
<http://rdf.freebase.com/ns/m.0k5g9>,20
<http://rdf.freebase.com/ns/m.02qnxd8>,21
<http://rdf.freebase.com/ns/m.01hw5kk>,17
<http://rdf.freebase.com/ns/m.02qm_f>,81
<http://rdf.freebase.com/ns/m.0639bg>,62
<http://rdf.freebase.com/ns/m.0410_mn>,16
<http://rdf.freebase.com/ns/m.09p3_s>,18
<http://rdf.freebase.com/ns/m.02vlvfg>,22
<http://rdf.freebase.com/ns/m.085ccd>,21
<http://rdf.freebase.com/ns/m.01lsl>,18
<http://rdf.freebase.com/ns/m.0ddjy>,17
<http://rdf.freebase.com/ns/m.086tz1>,16
<http://rdf.freebase.com/ns/m.06hblg>,18
<http://rdf.freebase.com/ns/m.07l50q9>,18
<http://rdf.freebase.com/ns/m.09wnnb>,30
<http://rdf.freebase.com/ns/m.066z5r>,17
<http://rdf.freebase.com/ns/m.014nbs>,19
<http://rdf.freebase.com/ns/m.054060>,19
<http://rdf.freebase.com/ns/m.0cmb2j5>,23
<http://rdf.freebase.com/ns/m.04m3tn>,19
<http://rdf.freebase.com/ns/m.03sd_5>,16
<http://rdf.freebase.com/ns/m.043ms65>,16
<http://rdf.freebase.com/ns/m.0mmbb>,16
<http://rdf.freebase.com/ns/m.0bmssv>,38
<http://rdf.freebase.com/ns/m.06r2_>,17
<http://rdf.freebase.com/ns/m.06y611>,57
<http://rdf.freebase.com/ns/m.01f85k>,60
<http://rdf.freebase.com/ns/m.011yd2>,17
<http://rdf.freebase.com/ns/m.01q41m>,22
<http://rdf.freebase.com/ns/m.05s_k2k>,18
<http://rdf.freebase.com/ns/m.0bnhmx>,25
<http://rdf.freebase.com/ns/m.04ybq9r>,24
<http://rdf.freebase.com/ns/m.0295sy>,20
<http://rdf.freebase.com/ns/m.01hv3t>,32
<http://rdf.freebase.com/ns/m.01l2qq>,26
<http://rdf.freebase.com/ns/m.032bm6>,23
<http://rdf.freebase.com/ns/m.01ktkd>,16
<http://rdf.freebase.com/ns/m.03pnwz>,31
<http://rdf.freebase.com/ns/m.0cchnx>,16
<http://rdf.freebase.com/ns/m.015ynm>,24
<http://rdf.freebase.com/ns/m.027ygy>,16
<http://rdf.freebase.com/ns/m.0kv7bt>,19
<http://rdf.freebase.com/ns/m.0c00qsf>,18
<http://rdf.freebase.com/ns/m.03cpzk6>,18
<http://rdf.freebase.com/ns/m.01pg1t>,16
<http://rdf.freebase.com/ns/m.018js4>,16
<http://rdf.freebase.com/ns/m.026m43r>,18
<http://rdf.freebase.com/ns/m.09w353>,58
<http://rdf.freebase.com/ns/m.04hxvw>,17
<http://rdf.freebase.com/ns/m.040k1l>,19
<http://rdf.freebase.com/ns/m.09qs_s>,19
<http://rdf.freebase.com/ns/m.0cn_b8>,23
<http://rdf.freebase.com/ns/m.04pk1f>,60
<http://rdf.freebase.com/ns/m.09pkvb>,19
<http://rdf.freebase.com/ns/m.057hp_>,23
<http://rdf.freebase.com/ns/m.027gy0k>,16
<http://rdf.freebase.com/ns/m.08075sx>,18
<http://rdf.freebase.com/ns/m.02_fm2>,27
<http://rdf.freebase.com/ns/m.0mcl0>,45
<http://rdf.freebase.com/ns/m.0jqn5>,74
<http://rdf.freebase.com/ns/m.0dtjpk>,23
<http://rdf.freebase.com/ns/m.04j1scc>,17
<http://rdf.freebase.com/ns/m.043h78>,17
<http://rdf.freebase.com/ns/m.02qydsh>,23
<http://rdf.freebase.com/ns/m.0f61tk>,18
<http://rdf.freebase.com/ns/m.06znbkp>,20
<http://rdf.freebase.com/ns/m.012y5v>,17
<http://rdf.freebase.com/ns/m.072pht>,22
<http://rdf.freebase.com/ns/m.03k9fj>,773
<http://rdf.freebase.com/ns/m.02kdv5l>,648
<http://rdf.freebase.com/ns/m.0jsg5r>,91
<http://rdf.freebase.com/ns/m.0gw5n2f>,177
<http://rdf.freebase.com/ns/m.0jsg5z>,55
<http://rdf.freebase.com/ns/m.0cq238g>,17
<http://rdf.freebase.com/ns/m.0jsg5j>,55
<http://rdf.freebase.com/ns/m.0jsg59>,250
<http://rdf.freebase.com/ns/m.0gw5ndc>,419
<http://rdf.freebase.com/ns/m.0jsg2m>,311
<http://rdf.freebase.com/ns/m.02h40lc>,442
<http://rdf.freebase.com/ns/m.0jxy>,100
<http://rdf.freebase.com/ns/m.0gyy15y>,309
<http://rdf.freebase.com/ns/m.08l60pv>,43
<http://rdf.freebase.com/ns/m.0cq236h>,143
<http://rdf.freebase.com/ns/m.0hqxf>,1058
<http://rdf.freebase.com/ns/m.0gw5m9g>,778
<http://rdf.freebase.com/ns/m.0gw5t9q>,230
<http://rdf.freebase.com/ns/m.0h38v8d>,170
<http://rdf.freebase.com/ns/m.0cq22ks>,244
<http://rdf.freebase.com/ns/m.0jsg65>,55
<http://rdf.freebase.com/ns/m.0jsg6m>,46
<http://rdf.freebase.com/ns/base.animemanga.topic>,28
<http://rdf.freebase.com/ns/m.0jsg52>,242
<http://rdf.freebase.com/ns/m.0gw5t9w>,394
<http://rdf.freebase.com/ns/m.0jsg6d>,49
<http://rdf.freebase.com/ns/m.0gxblrf>,215
<http://rdf.freebase.com/ns/m.0cq22sx>,297
<http://rdf.freebase.com/ns/m.08l646m>,46
<http://rdf.freebase.com/ns/m.09b3v>,363
<http://rdf.freebase.com/ns/m.03_3d>,179
<http://rdf.freebase.com/ns/m.0gyy151>,394
<http://rdf.freebase.com/ns/m.01hmnh>,859
<http://rdf.freebase.com/ns/m.0gwfxlg>,180
<http://rdf.freebase.com/ns/m.03_9r>,183
<http://rdf.freebase.com/ns/m.0jsg7q>,44
<http://rdf.freebase.com/ns/m.0cq22mw>,515
<http://rdf.freebase.com/ns/m.027yh1z>,37
<http://rdf.freebase.com/ns/m.02xyp8t>,38
<http://rdf.freebase.com/ns/m.08l62mm>,49
<http://rdf.freebase.com/ns/m.01z10_h>,57
<http://rdf.freebase.com/ns/m.08l6t97>,50
<http://rdf.freebase.com/ns/m.01xps7l>,220
<http://rdf.freebase.com/ns/m.021y6_f>,270
<http://rdf.freebase.com/ns/m.03h64>,365
<http://rdf.freebase.com/ns/m.08l63hm>,49
<http://rdf.freebase.com/ns/m.03btsm8>,892
<http://rdf.freebase.com/ns/m.0653m>,361
<http://rdf.freebase.com/ns/m.0cq229b>,632
<http://rdf.freebase.com/ns/m.02kl65p>,262
<http://rdf.freebase.com/ns/m.02n4kr>,364
<http://rdf.freebase.com/ns/m.021y6zz>,224
<http://rdf.freebase.com/ns/m.0cq22df>,286
<http://rdf.freebase.com/ns/m.0gw5qqq>,540
<http://rdf.freebase.com/ns/m.0lsxr>,458
<http://rdf.freebase.com/ns/m.0459q4>,80
<http://rdf.freebase.com/ns/base.berlininternationalfilmfestival.topic>,461
<http://rdf.freebase.com/ns/m.012w70>,268
<http://rdf.freebase.com/ns/m.05ppy>,28
<http://rdf.freebase.com/ns/m.06nm1>,95
<http://rdf.freebase.com/ns/m.0cq22hc>,184
<http://rdf.freebase.com/ns/m.04306rv>,89
<http://rdf.freebase.com/ns/m.0gw5m87>,966
<http://rdf.freebase.com/ns/media_common.adaptation>,1129
<http://rdf.freebase.com/ns/m.0f8l9c>,256
<http://rdf.freebase.com/ns/m.0gw5m91>,585
<http://rdf.freebase.com/ns/m.0cq22f2>,498
<http://rdf.freebase.com/ns/m.0cq22gd>,234
<http://rdf.freebase.com/ns/m.0kprd8>,669
<http://rdf.freebase.com/ns/m.0cq22jn>,245
<http://rdf.freebase.com/ns/m.0hcr>,320
<http://rdf.freebase.com/ns/base.wfilmbase.film>,946
<http://rdf.freebase.com/ns/m.016tt2>,98
<http://rdf.freebase.com/ns/m.0gyy154>,242
<http://rdf.freebase.com/ns/base.wfilmbase.topic>,946
<http://rdf.freebase.com/ns/base.filmflexmovies.topic>,229
<http://rdf.freebase.com/ns/m.0cq22vj>,20
<http://rdf.freebase.com/ns/type.property>,20
<http://rdf.freebase.com/ns/base.lgbtfilms.topic>,135
<http://rdf.freebase.com/ns/m.02py4nx>,17
<http://rdf.freebase.com/ns/m.03c40zs>,16
<http://rdf.freebase.com/ns/m.011ywj>,19
<http://rdf.freebase.com/ns/m.0pttd>,16
<http://rdf.freebase.com/ns/m.02pxst>,16
<http://rdf.freebase.com/ns/m.01z452>,17
<http://rdf.freebase.com/ns/m.02qgbv5>,18
<http://rdf.freebase.com/ns/m.0cbn7c>,21
<http://rdf.freebase.com/ns/m.01j1rb>,41
<http://rdf.freebase.com/ns/m.04__cf>,17
<http://rdf.freebase.com/ns/m.03hkch7>,44
<http://rdf.freebase.com/ns/m.07smyl>,16
<http://rdf.freebase.com/ns/m.025qy5>,17
<http://rdf.freebase.com/ns/m.05_5rjx>,17
<http://rdf.freebase.com/ns/m.02s4l6>,42
<http://rdf.freebase.com/ns/m.0168ls>,20
<http://rdf.freebase.com/ns/m.08xvpn>,16
<http://rdf.freebase.com/ns/m.03prz_>,17
<http://rdf.freebase.com/ns/m.02rfw0>,43
<http://rdf.freebase.com/ns/m.07cyl>,56
<http://rdf.freebase.com/ns/m.0h1x5f>,28
<http://rdf.freebase.com/ns/m.02tgd2>,16
<http://rdf.freebase.com/ns/m.0gpx6>,58
<http://rdf.freebase.com/ns/m.02wtp6>,40
<http://rdf.freebase.com/ns/m.048yth>,16
<http://rdf.freebase.com/ns/m.0294mx>,19
<http://rdf.freebase.com/ns/m.07cn20>,31
<http://rdf.freebase.com/ns/m.01s7gq>,18
<http://rdf.freebase.com/ns/m.0c0zq>,45
<http://rdf.freebase.com/ns/m.07twy6>,18
<http://rdf.freebase.com/ns/m.04nq52>,22
<http://rdf.freebase.com/ns/m.063_j5>,18
<http://rdf.freebase.com/ns/m.0f4_l>,56
<http://rdf.freebase.com/ns/m.02fqxm>,32
<http://rdf.freebase.com/ns/m.0645k5>,65
<http://rdf.freebase.com/ns/m.09sr0>,16
<http://rdf.freebase.com/ns/m.0kv4xn>,16
<http://rdf.freebase.com/ns/m.0194zl>,17
<http://rdf.freebase.com/ns/m.06823p>,22
<http://rdf.freebase.com/ns/m.049mql>,17
<http://rdf.freebase.com/ns/m.047p7fr>,37
<http://rdf.freebase.com/ns/m.02phv5s>,17
<http://rdf.freebase.com/ns/m.02hhk2>,19
<http://rdf.freebase.com/ns/m.0405t4>,17
<http://rdf.freebase.com/ns/m.024xxj>,40
<http://rdf.freebase.com/ns/m.0571m>,54
<http://rdf.freebase.com/ns/m.0564js>,19
<http://rdf.freebase.com/ns/m.04v8x9>,18
<http://rdf.freebase.com/ns/m.0170xl>,19
<http://rdf.freebase.com/ns/m.06kg0c>,17
<http://rdf.freebase.com/ns/m.09v4ff>,18
<http://rdf.freebase.com/ns/m.095zlp>,53
<http://rdf.freebase.com/ns/m.07qg8v>,17
<http://rdf.freebase.com/ns/m.0gd92>,16
<http://rdf.freebase.com/ns/m.04f_y7>,16
<http://rdf.freebase.com/ns/m.015t5q>,17
<http://rdf.freebase.com/ns/m.080dh92>,16
<http://rdf.freebase.com/ns/m.0286vp>,21
<http://rdf.freebase.com/ns/m.03gt4x8>,21
<http://rdf.freebase.com/ns/m.0bj25>,18
<http://rdf.freebase.com/ns/m.06kl78>,18
<http://rdf.freebase.com/ns/m.043nc32>,40
<http://rdf.freebase.com/ns/m.02vq2qn>,34
<http://rdf.freebase.com/ns/m.02qr69m>,27
<http://rdf.freebase.com/ns/m.02mpyh>,22
<http://rdf.freebase.com/ns/m.02vnmc9>,20
<http://rdf.freebase.com/ns/m.07t_82>,19
<http://rdf.freebase.com/ns/m.02d413>,39
<http://rdf.freebase.com/ns/m.0198b6>,48
<http://rdf.freebase.com/ns/m.07klvh>,17
<http://rdf.freebase.com/ns/m.0b6qmg>,14
<http://rdf.freebase.com/ns/m.0kv4sg>,17
<http://rdf.freebase.com/ns/m.01srq2>,17
<http://rdf.freebase.com/ns/m.01d1_s>,45
<http://rdf.freebase.com/ns/m.06zt03h>,19
<http://rdf.freebase.com/ns/m.0p_sc>,17
<http://rdf.freebase.com/ns/m.092vkg>,18
<http://rdf.freebase.com/ns/m.04ydqz4>,19
<http://rdf.freebase.com/ns/m.04xg2f>,16
<http://rdf.freebase.com/ns/m.02mnh3>,17
<http://rdf.freebase.com/ns/type.type>,35
<http://rdf.freebase.com/ns/m.03q8xj>,51
<http://rdf.freebase.com/ns/m.0cq23kb>,19
<http://rdf.freebase.com/ns/m.01xprbv>,16
<http://rdf.freebase.com/ns/base.karlovyvaryinternationalfilmfestival.topic>,277
<http://rdf.freebase.com/ns/m.0cj16>,272
<http://rdf.freebase.com/ns/m.03bxz7>,181
<http://rdf.freebase.com/ns/base.cannes.topic>,320
<http://rdf.freebase.com/ns/m.0cq22b3>,490
<http://rdf.freebase.com/ns/m.0cq22j9>,212
<http://rdf.freebase.com/ns/m.065ft1>,17
<http://rdf.freebase.com/ns/m.026r6kk>,17
<http://rdf.freebase.com/ns/m.0blpg>,16
<http://rdf.freebase.com/ns/m.04j2x0x>,17
<http://rdf.freebase.com/ns/m.0fnhgb>,16
<http://rdf.freebase.com/ns/g.122090v2>,16
<http://rdf.freebase.com/ns/m.0m313>,48
<http://rdf.freebase.com/ns/m.0crvhs2>,16
<http://rdf.freebase.com/ns/m.0h3_8v>,19
<http://rdf.freebase.com/ns/m.09sgkv>,16
<http://rdf.freebase.com/ns/m.0sxlb>,23
<http://rdf.freebase.com/ns/m.07kdsgf>,20
<http://rdf.freebase.com/ns/m.0crv7b2>,16
<http://rdf.freebase.com/ns/m.0gwzxc>,19
<http://rdf.freebase.com/ns/m.027379_>,17
<http://rdf.freebase.com/ns/m.0gtmqf>,17
<http://rdf.freebase.com/ns/m.0830vk>,29
<http://rdf.freebase.com/ns/m.06ylpw>,18
<http://rdf.freebase.com/ns/m.05v38p>,47
<http://rdf.freebase.com/ns/m.07l514p>,17
<http://rdf.freebase.com/ns/m.04j0ylx>,16
<http://rdf.freebase.com/ns/m.0bpx1k>,16
<http://rdf.freebase.com/ns/m.0czd7w>,17
<http://rdf.freebase.com/ns/m.0bmfdbk>,16
<http://rdf.freebase.com/ns/m.02rgj5h>,37
<http://rdf.freebase.com/ns/m.07pfx4>,16
<http://rdf.freebase.com/ns/m.04j1q3k>,17
<http://rdf.freebase.com/ns/m.0dj_dz>,21
<http://rdf.freebase.com/ns/m.05v5zdb>,17
<http://rdf.freebase.com/ns/m.0b_zncd>,16
<http://rdf.freebase.com/ns/m.01pgnr>,17
<http://rdf.freebase.com/ns/m.0cs2m0k>,18
<http://rdf.freebase.com/ns/m.0crw5t6>,17
<http://rdf.freebase.com/ns/m.06qdr4>,16
<http://rdf.freebase.com/ns/m.05dptj>,18
<http://rdf.freebase.com/ns/m.02w8s5v>,17
<http://rdf.freebase.com/ns/m.07v4yfh>,19
<http://rdf.freebase.com/ns/m.04tm9x4>,17
<http://rdf.freebase.com/ns/m.04j2t3y>,19
<http://rdf.freebase.com/ns/m.0fzm0g>,17
<http://rdf.freebase.com/ns/m.027dsyj>,17
<http://rdf.freebase.com/ns/m.07kch1b>,27
<http://rdf.freebase.com/ns/m.026mv92>,23
<http://rdf.freebase.com/ns/m.073424>,16
<http://rdf.freebase.com/ns/m.0ckbnz>,19
<http://rdf.freebase.com/ns/m.03bzyn4>,28
<http://rdf.freebase.com/ns/m.0sxns>,16
<http://rdf.freebase.com/ns/m.0drg_v>,16
<http://rdf.freebase.com/ns/m.047cfp9>,17
<http://rdf.freebase.com/ns/m.04061jn>,17
<http://rdf.freebase.com/ns/m.0h4p_9>,16
<http://rdf.freebase.com/ns/m.066fb9>,18
<http://rdf.freebase.com/ns/m.0bmh28z>,18
<http://rdf.freebase.com/ns/m.087_rl>,17
<http://rdf.freebase.com/ns/m.0kvg2x>,19
<http://rdf.freebase.com/ns/m.06ctpy>,23
<http://rdf.freebase.com/ns/m.04x3vd>,42
<http://rdf.freebase.com/ns/m.0kv2b3>,20
<http://rdf.freebase.com/ns/m.03r2rh>,18
<http://rdf.freebase.com/ns/m.02z0b01>,19
<http://rdf.freebase.com/ns/m.051xtyc>,39
<http://rdf.freebase.com/ns/m.0crzmw2>,17
<http://rdf.freebase.com/ns/m.0crrmbt>,18
<http://rdf.freebase.com/ns/m.0crxv3n>,17
<http://rdf.freebase.com/ns/m.0dttbf>,17
<http://rdf.freebase.com/ns/m.082zg>,28
<http://rdf.freebase.com/ns/m.05h3_yv>,17
<http://rdf.freebase.com/ns/media_common.netflix_genre>,162
<http://rdf.freebase.com/ns/m.0dbshy>,16
<http://rdf.freebase.com/ns/m.09v3_t_>,17
<http://rdf.freebase.com/ns/m.04j23p4>,17
<http://rdf.freebase.com/ns/m.014l6_>,25
<http://rdf.freebase.com/ns/m.02thgf>,30
<http://rdf.freebase.com/ns/m.02z3r8t>,34
<http://rdf.freebase.com/ns/m.02rgzpz>,20
<http://rdf.freebase.com/ns/m.03ymw7>,17
<http://rdf.freebase.com/ns/m.04xmjx>,17
<http://rdf.freebase.com/ns/m.05702n>,58
<http://rdf.freebase.com/ns/m.0c296>,22
<http://rdf.freebase.com/ns/m.05vxdh>,40
<http://rdf.freebase.com/ns/m.04j0rs8>,17
<http://rdf.freebase.com/ns/m.07xyb5v>,17
<http://rdf.freebase.com/ns/m.04n6w97>,17
<http://rdf.freebase.com/ns/m.0crv7dl>,18
<http://rdf.freebase.com/ns/m.0crsdvt>,17
<http://rdf.freebase.com/ns/m.04j1j00>,17
<http://rdf.freebase.com/ns/m.07qqn7>,18
<http://rdf.freebase.com/ns/m.082z1_>,22
<http://rdf.freebase.com/ns/m.080hvtz>,16
<http://rdf.freebase.com/ns/m.09sgjs>,16
<http://rdf.freebase.com/ns/m.03dppq>,16
<http://rdf.freebase.com/ns/m.06_x996>,35
<http://rdf.freebase.com/ns/m.03bzjpm>,23
<http://rdf.freebase.com/ns/m.02f6g5>,26
<http://rdf.freebase.com/ns/m.03cb8xc>,17
<http://rdf.freebase.com/ns/m.05p4dzb>,19
<http://rdf.freebase.com/ns/m.02x0fs9>,31
<http://rdf.freebase.com/ns/m.03mc2bj>,18
<http://rdf.freebase.com/ns/m.0978_l>,16
<http://rdf.freebase.com/ns/m.0421v9q>,23
<http://rdf.freebase.com/ns/m.0279pk8>,16
<http://rdf.freebase.com/ns/m.09zqc0>,19
<http://rdf.freebase.com/ns/m.04j2kq_>,18
<http://rdf.freebase.com/ns/m.057yjg>,28
<http://rdf.freebase.com/ns/m.03c5cgj>,26
<http://rdf.freebase.com/ns/m.04b2qn>,47
<http://rdf.freebase.com/ns/m.04zy7b4>,17
<http://rdf.freebase.com/ns/m.0h68cr7>,17
<http://rdf.freebase.com/ns/m.02pgy4b>,18
<http://rdf.freebase.com/ns/g.121qmyj0>,17
<http://rdf.freebase.com/ns/m.07zkn7g>,16
<http://rdf.freebase.com/ns/m.0b6jyc>,17
<http://rdf.freebase.com/ns/m.0fm1kr>,20
<http://rdf.freebase.com/ns/m.0br3fh>,39
<http://rdf.freebase.com/ns/m.0322yj>,33
<http://rdf.freebase.com/ns/m.0crrlx4>,16
<http://rdf.freebase.com/ns/m.04nm0b0>,18
<http://rdf.freebase.com/ns/m.05345qj>,34
<http://rdf.freebase.com/ns/m.03258s>,16
<http://rdf.freebase.com/ns/m.09kgvhn>,16
<http://rdf.freebase.com/ns/m.04c11j>,31
<http://rdf.freebase.com/ns/m.01j3xp>,19
<http://rdf.freebase.com/ns/m.02pykyr>,17
<http://rdf.freebase.com/ns/m.02qpt1w>,29
<http://rdf.freebase.com/ns/m.0277htq>,26
<http://rdf.freebase.com/ns/m.04zz1k4>,16
<http://rdf.freebase.com/ns/m.02mt51>,63
<http://rdf.freebase.com/ns/m.03cyslc>,17
<http://rdf.freebase.com/ns/m.0f12wpj>,19
<http://rdf.freebase.com/ns/m.0bwfw2_>,22
<http://rdf.freebase.com/ns/m.04jbh30>,20
<http://rdf.freebase.com/ns/m.07schc>,16
<http://rdf.freebase.com/ns/m.04t449>,17
<http://rdf.freebase.com/ns/m.0crxl35>,20
<http://rdf.freebase.com/ns/m.0k419>,37
<http://rdf.freebase.com/ns/m.0c34fy>,18
<http://rdf.freebase.com/ns/m.04j088m>,20
<http://rdf.freebase.com/ns/m.0c47kl>,24
<http://rdf.freebase.com/ns/m.0gyv0b4>,19
<http://rdf.freebase.com/ns/m.02nvtps>,27
<http://rdf.freebase.com/ns/m.01rxyb>,37
<http://rdf.freebase.com/ns/m.0hfzr>,65
<http://rdf.freebase.com/ns/m.030_1_>,16
<http://rdf.freebase.com/ns/m.0gw5w7n>,185
<http://rdf.freebase.com/ns/m.082gq>,168
<http://rdf.freebase.com/ns/m.0cq22rn>,190
<http://rdf.freebase.com/ns/m.064_8sq>,241
<http://rdf.freebase.com/ns/m.0cq22w6>,231
<http://rdf.freebase.com/ns/m.017fp>,18
<http://rdf.freebase.com/ns/award.ranked_item>,799
<http://rdf.freebase.com/ns/base.worldwartwo.topic>,66
<http://rdf.freebase.com/ns/base.greatfilms.ranked_item>,328
<http://rdf.freebase.com/ns/m.04xvlr>,449
<http://rdf.freebase.com/ns/m.016tw3>,118
<http://rdf.freebase.com/ns/m.0gw5m_2>,112
<http://rdf.freebase.com/ns/m.0cq22n0>,227
<http://rdf.freebase.com/ns/user.robert.ranked_lists.ranked_list_item>,88
<http://rdf.freebase.com/ns/base.academyawards.topic>,346
<http://rdf.freebase.com/ns/user.robert.ranked_lists.topic>,88
<http://rdf.freebase.com/ns/base.greatfilms.topic>,369
<http://rdf.freebase.com/ns/m.0gw5t6s>,236
<http://rdf.freebase.com/ns/m.02p0szs>,102
<http://rdf.freebase.com/ns/base.movies1001.topic>,398
<http://rdf.freebase.com/ns/m.0cq22fy>,363
<http://rdf.freebase.com/ns/m.0ch4_xx>,23
<http://rdf.freebase.com/ns/m.0d05w3>,225
<http://rdf.freebase.com/ns/m.0czyxs>,52
<http://rdf.freebase.com/ns/m.080h2>,19
<http://rdf.freebase.com/ns/base.thefuture.topic>,87
<http://rdf.freebase.com/ns/base.parody.parodied_subject>,51
<http://rdf.freebase.com/ns/m.086k8>,158
<http://rdf.freebase.com/ns/m.0gw5r71>,93
<http://rdf.freebase.com/ns/m.06n90>,306
<http://rdf.freebase.com/ns/m.0cq239h>,96
<http://rdf.freebase.com/ns/m.0gw5tfx>,196
<http://rdf.freebase.com/ns/m.060__y>,206
<http://rdf.freebase.com/ns/m.05qd_>,123
<http://rdf.freebase.com/ns/base.newyorkcity.topic>,220
<http://rdf.freebase.com/ns/m.0cq22f9>,280
<http://rdf.freebase.com/ns/m.0kprdf>,212
<http://rdf.freebase.com/ns/m.087ksg>,22
<http://rdf.freebase.com/ns/m.05grhc>,23
<http://rdf.freebase.com/ns/m.0fs9vc>,21
<http://rdf.freebase.com/ns/m.034v28>,16
<http://rdf.freebase.com/ns/m.04hwbq>,70
<http://rdf.freebase.com/ns/m.027c4ps>,16
<http://rdf.freebase.com/ns/m.01h0t5>,17
<http://rdf.freebase.com/ns/m.06fcqj>,26
<http://rdf.freebase.com/ns/m.08jc0x>,16
<http://rdf.freebase.com/ns/m.02qrdfy>,21
<http://rdf.freebase.com/ns/m.05k1rz>,18
<http://rdf.freebase.com/ns/m.0455gj>,18
<http://rdf.freebase.com/ns/m.07gp58>,17
<http://rdf.freebase.com/ns/m.03q0r1>,70
<http://rdf.freebase.com/ns/m.0ccd3x>,18
<http://rdf.freebase.com/ns/m.06np3s>,18
<http://rdf.freebase.com/ns/m.05wp1p>,23
<http://rdf.freebase.com/ns/m.01smnw>,20
<http://rdf.freebase.com/ns/m.0_7w6>,30
<http://rdf.freebase.com/ns/m.063lqf>,16
<http://rdf.freebase.com/ns/m.023p7l>,24
<http://rdf.freebase.com/ns/m.0c640x>,25
<http://rdf.freebase.com/ns/m.083skw>,20
<http://rdf.freebase.com/ns/m.02bj22>,24
<http://rdf.freebase.com/ns/m.04xg4z>,19
<http://rdf.freebase.com/ns/m.01cm8w>,18
<http://rdf.freebase.com/ns/m.051s4m>,16
<http://rdf.freebase.com/ns/m.03z9g0>,16
<http://rdf.freebase.com/ns/m.01_4fw>,16
<http://rdf.freebase.com/ns/m.02c7k4>,61
<http://rdf.freebase.com/ns/m.05sw5b>,19
<http://rdf.freebase.com/ns/m.03kx49>,18
<http://rdf.freebase.com/ns/m.04g2tdb>,15
<http://rdf.freebase.com/ns/m.01_4h2>,20
<http://rdf.freebase.com/ns/m.03m5vcv>,19
<http://rdf.freebase.com/ns/m.04f2h9q>,16
<http://rdf.freebase.com/ns/m.0dqg_9>,25
<http://rdf.freebase.com/ns/m.01fx16>,17
<http://rdf.freebase.com/ns/m.05r3nm>,17
<http://rdf.freebase.com/ns/m.027s39y>,70
<http://rdf.freebase.com/ns/m.0c5dst>,17
<http://rdf.freebase.com/ns/m.026rh61>,16
<http://rdf.freebase.com/ns/m.064kpwn>,18
<http://rdf.freebase.com/ns/m.0p9pl>,20
<http://rdf.freebase.com/ns/m.063zzkb>,20
<http://rdf.freebase.com/ns/m.01xdxy>,80
<http://rdf.freebase.com/ns/m.09s91g>,23
<http://rdf.freebase.com/ns/m.0h4mkc>,23
<http://rdf.freebase.com/ns/m.01_1pv>,29
<http://rdf.freebase.com/ns/m.018gq3>,22
<http://rdf.freebase.com/ns/m.0d1yns>,17
<http://rdf.freebase.com/ns/m.065qhp>,17
<http://rdf.freebase.com/ns/m.01sq_q>,17
<http://rdf.freebase.com/ns/m.0n9qk>,18
<http://rdf.freebase.com/ns/m.0kcn7>,28
<http://rdf.freebase.com/ns/m.012h32>,16
<http://rdf.freebase.com/ns/m.075pz1>,16
<http://rdf.freebase.com/ns/m.0175k8>,28
<http://rdf.freebase.com/ns/m.04g73n>,24
<http://rdf.freebase.com/ns/m.0gf2n3>,16
<http://rdf.freebase.com/ns/m.08ct6>,46
<http://rdf.freebase.com/ns/m.05351g>,17
<http://rdf.freebase.com/ns/m.03by30b>,17
<http://rdf.freebase.com/ns/m.0czdnn5>,18
<http://rdf.freebase.com/ns/m.01jrbb>,83
<http://rdf.freebase.com/ns/m.04j1zjw>,21
<http://rdf.freebase.com/ns/m.02q3fdr>,77
<http://rdf.freebase.com/ns/m.02x3lt7>,18
<http://rdf.freebase.com/ns/m.0dxt12>,16
<http://rdf.freebase.com/ns/m.03x7hd>,75
<http://rdf.freebase.com/ns/m.0dh_gg>,18
<http://rdf.freebase.com/ns/m.01q3wp>,16
<http://rdf.freebase.com/ns/m.01z0q8>,16
<http://rdf.freebase.com/ns/m.01sp60>,18
<http://rdf.freebase.com/ns/m.08cf_q>,16
<http://rdf.freebase.com/ns/m.0fgrm>,55
<http://rdf.freebase.com/ns/m.01ry_x>,29
<http://rdf.freebase.com/ns/m.02qk_8>,43
<http://rdf.freebase.com/ns/m.031bd0>,19
<http://rdf.freebase.com/ns/m.053bd6>,17
<http://rdf.freebase.com/ns/m.0gldy>,18
<http://rdf.freebase.com/ns/m.07q1m>,18
<http://rdf.freebase.com/ns/m.0gk7ll>,18
<http://rdf.freebase.com/ns/m.0crslrs>,16
<http://rdf.freebase.com/ns/m.045xzm>,19
<http://rdf.freebase.com/ns/m.0fk25m>,19
<http://rdf.freebase.com/ns/m.035zkg>,16
<http://rdf.freebase.com/ns/m.055crg>,20
<http://rdf.freebase.com/ns/m.02qtv2>,18
<http://rdf.freebase.com/ns/m.03wh1s>,18
<http://rdf.freebase.com/ns/m.030001>,16
<http://rdf.freebase.com/ns/m.09x1j7>,16
<http://rdf.freebase.com/ns/m.0clc0j>,19
<http://rdf.freebase.com/ns/m.019kyn>,30
<http://rdf.freebase.com/ns/m.0b8l01>,18
<http://rdf.freebase.com/ns/m.045pfm>,20
<http://rdf.freebase.com/ns/m.04p__8w>,18
<http://rdf.freebase.com/ns/m.0gylvm>,16
<http://rdf.freebase.com/ns/m.09w6br>,21
<http://rdf.freebase.com/ns/m.088lv8>,19
<http://rdf.freebase.com/ns/m.0cc8jng>,16
<http://rdf.freebase.com/ns/m.047rpl0>,17
<http://rdf.freebase.com/ns/m.05grgm>,17
<http://rdf.freebase.com/ns/m.01pvxl>,21
<http://rdf.freebase.com/ns/m.054rdz>,17
<http://rdf.freebase.com/ns/m.0cq7tx>,54
<http://rdf.freebase.com/ns/m.02pynz>,21
<http://rdf.freebase.com/ns/m.09ycwt>,16
<http://rdf.freebase.com/ns/m.0b51yw>,16
<http://rdf.freebase.com/ns/m.06c805>,22
<http://rdf.freebase.com/ns/m.09zf_q>,18
<http://rdf.freebase.com/ns/m.0bk2pk>,16
<http://rdf.freebase.com/ns/m.052g0w>,18
<http://rdf.freebase.com/ns/m.0bwkv7f>,16
<http://rdf.freebase.com/ns/m.0534ym>,18
<http://rdf.freebase.com/ns/m.012qf4>,18
<http://rdf.freebase.com/ns/m.08ww44>,17
<http://rdf.freebase.com/ns/m.04j32nl>,16
<http://rdf.freebase.com/ns/m.014d_k>,20
<http://rdf.freebase.com/ns/m.0kv9wh>,17
<http://rdf.freebase.com/ns/m.056rwf>,23
<http://rdf.freebase.com/ns/m.01xv4x>,23
<http://rdf.freebase.com/ns/m.0m63c>,77
<http://rdf.freebase.com/ns/m.0cfdsq>,21
<http://rdf.freebase.com/ns/m.017kz7>,20
<http://rdf.freebase.com/ns/m.0b71tl>,18
<http://rdf.freebase.com/ns/m.0b6g0fb>,16
<http://rdf.freebase.com/ns/m.0cq86w>,19
<http://rdf.freebase.com/ns/m.0cvf78>,19
<http://rdf.freebase.com/ns/m.0241y7>,22
<http://rdf.freebase.com/ns/m.0jnwx>,27
<http://rdf.freebase.com/ns/m.0bk2ql>,18
<http://rdf.freebase.com/ns/m.039zft>,28
<http://rdf.freebase.com/ns/m.0d1_kl>,19
<http://rdf.freebase.com/ns/m.04q4fh>,17
<http://rdf.freebase.com/ns/m.048r1l>,28
<http://rdf.freebase.com/ns/m.05sxr_>,54
<http://rdf.freebase.com/ns/m.05f7xf>,19
<http://rdf.freebase.com/ns/m.09f38n>,19
<http://rdf.freebase.com/ns/m.011ydl>,23
<http://rdf.freebase.com/ns/m.059k85>,18
<http://rdf.freebase.com/ns/m.03wh35>,27
<http://rdf.freebase.com/ns/m.02gs6r>,22
<http://rdf.freebase.com/ns/m.0jqtz>,32
<http://rdf.freebase.com/ns/m.0dyb1>,99
<http://rdf.freebase.com/ns/m.0407yj_>,18
<http://rdf.freebase.com/ns/m.092g22>,19
<http://rdf.freebase.com/ns/m.036p6v>,43
<http://rdf.freebase.com/ns/m.0d7vdj>,17
<http://rdf.freebase.com/ns/m.01608r>,16
<http://rdf.freebase.com/ns/m.0k4d7>,77
<http://rdf.freebase.com/ns/m.09k4d3y>,31
<http://rdf.freebase.com/ns/m.04j1hny>,17
<http://rdf.freebase.com/ns/m.0b6qm3>,22
<http://rdf.freebase.com/ns/m.01c22t>,74
<http://rdf.freebase.com/ns/m.0564x>,25
<http://rdf.freebase.com/ns/m.01ydq5>,19
<http://rdf.freebase.com/ns/m.03hh00b>,17
<http://rdf.freebase.com/ns/m.05zs3tp>,17
<http://rdf.freebase.com/ns/m.05353r>,19
<http://rdf.freebase.com/ns/m.02r1_nk>,18
<http://rdf.freebase.com/ns/m.018gvp>,17
<http://rdf.freebase.com/ns/m.01ztp8>,16
<http://rdf.freebase.com/ns/m.03gxl4n>,19
<http://rdf.freebase.com/ns/m.0d53kr>,16
<http://rdf.freebase.com/ns/m.01jjb4>,24
<http://rdf.freebase.com/ns/m.04njrl>,20
<http://rdf.freebase.com/ns/m.02jpth>,28
<http://rdf.freebase.com/ns/m.04_s2j>,19
<http://rdf.freebase.com/ns/m.05n0ms>,18
<http://rdf.freebase.com/ns/m.0711k3>,20
<http://rdf.freebase.com/ns/m.016017>,28
<http://rdf.freebase.com/ns/m.01pv91>,40
<http://rdf.freebase.com/ns/m.02pjl5g>,21
<http://rdf.freebase.com/ns/m.09lvld>,40
<http://rdf.freebase.com/ns/m.033mlr>,54
<http://rdf.freebase.com/ns/m.01q3w7>,20
<http://rdf.freebase.com/ns/m.0b36tw>,33
<http://rdf.freebase.com/ns/m.016ns0>,20
<http://rdf.freebase.com/ns/m.02pykkq>,10
<http://rdf.freebase.com/ns/m.0gyy53>,47
<http://rdf.freebase.com/ns/m.0cvkv5>,45
<http://rdf.freebase.com/ns/m.056_tf>,16
<http://rdf.freebase.com/ns/m.014bhr>,17
<http://rdf.freebase.com/ns/m.0qf2t>,21
<http://rdf.freebase.com/ns/m.02psgq>,16
<http://rdf.freebase.com/ns/m.059zzd>,16
<http://rdf.freebase.com/ns/m.05t101l>,16
<http://rdf.freebase.com/ns/m.05c4frl>,16
<http://rdf.freebase.com/ns/m.02rcdc2>,58
<http://rdf.freebase.com/ns/m.028_yv>,46
<http://rdf.freebase.com/ns/m.0cqr0q>,20
<http://rdf.freebase.com/ns/m.0280061>,17
<http://rdf.freebase.com/ns/m.02r858_>,20
<http://rdf.freebase.com/ns/m.02h4658>,37
<http://rdf.freebase.com/ns/m.05rx3h>,17
<http://rdf.freebase.com/ns/m.0bvmpy9>,16
<http://rdf.freebase.com/ns/m.06cpd9>,17
<http://rdf.freebase.com/ns/m.02q_ncg>,16
<http://rdf.freebase.com/ns/m.04jknzp>,18
<http://rdf.freebase.com/ns/m.0gcq8>,16
<http://rdf.freebase.com/ns/m.03lb7_>,26
<http://rdf.freebase.com/ns/m.036s7x>,43
<http://rdf.freebase.com/ns/m.0g3zrd>,39
<http://rdf.freebase.com/ns/m.0dttly>,17
<http://rdf.freebase.com/ns/m.0cw3yd>,17
<http://rdf.freebase.com/ns/m.0dz3lz>,19
<http://rdf.freebase.com/ns/m.0dzz6g>,21
<http://rdf.freebase.com/ns/m.0381y6>,24
<http://rdf.freebase.com/ns/m.0symg>,17
<http://rdf.freebase.com/ns/m.03h39gy>,18
<http://rdf.freebase.com/ns/m.011yhm>,17
<http://rdf.freebase.com/ns/m.02qtwbj>,17
<http://rdf.freebase.com/ns/m.01dvbd>,42
<http://rdf.freebase.com/ns/m.05pt0l>,19
<http://rdf.freebase.com/ns/m.04j2g6p>,17
<http://rdf.freebase.com/ns/m.0d9c7m>,33
<http://rdf.freebase.com/ns/m.05xss5>,18
<http://rdf.freebase.com/ns/m.043m98y>,16
<http://rdf.freebase.com/ns/m.02j48l>,16
<http://rdf.freebase.com/ns/m.04j1wpf>,17
<http://rdf.freebase.com/ns/m.09twfb>,16
<http://rdf.freebase.com/ns/m.0fblh1>,19
<http://rdf.freebase.com/ns/m.07jnt>,41
<http://rdf.freebase.com/ns/m.06s4qp>,20
<http://rdf.freebase.com/ns/m.0892q2>,20
<http://rdf.freebase.com/ns/m.02xx4s>,18
<http://rdf.freebase.com/ns/m.041td_>,21
<http://rdf.freebase.com/ns/m.0fgpvf>,43
<http://rdf.freebase.com/ns/m.031t2d>,37
<http://rdf.freebase.com/ns/m.08t9_v>,29
<http://rdf.freebase.com/ns/m.03bxwl>,17
<http://rdf.freebase.com/ns/m.080jbf>,30
<http://rdf.freebase.com/ns/m.011yl_>,18
<http://rdf.freebase.com/ns/m.0439y7>,19
<http://rdf.freebase.com/ns/m.017z49>,45
<http://rdf.freebase.com/ns/m.075cvb>,20
<http://rdf.freebase.com/ns/m.0db94w>,52
<http://rdf.freebase.com/ns/m.09wmzm>,59
<http://rdf.freebase.com/ns/m.03hp761>,16
<http://rdf.freebase.com/ns/m.04tqtl>,41
<http://rdf.freebase.com/ns/m.03813g>,46
<http://rdf.freebase.com/ns/m.060__7>,21
<http://rdf.freebase.com/ns/m.0b3sks>,16
<http://rdf.freebase.com/ns/m.05lvfp>,16
<http://rdf.freebase.com/ns/m.0fbp6n>,16
<http://rdf.freebase.com/ns/m.04633ll>,16
<http://rdf.freebase.com/ns/m.06hz52>,19
<http://rdf.freebase.com/ns/m.0306c6>,16
<http://rdf.freebase.com/ns/m.0bpbhm>,16
<http://rdf.freebase.com/ns/m.04rmgm>,17
<http://rdf.freebase.com/ns/m.0bm2g>,22
<http://rdf.freebase.com/ns/m.02q71md>,29
<http://rdf.freebase.com/ns/m.03rz2b>,18
<http://rdf.freebase.com/ns/m.06_1x0>,46
<http://rdf.freebase.com/ns/m.04j086q>,16
<http://rdf.freebase.com/ns/m.05q8hrw>,16
<http://rdf.freebase.com/ns/m.05jhyk>,18
<http://rdf.freebase.com/ns/m.0381zv>,11
<http://rdf.freebase.com/ns/m.071zqj>,18
<http://rdf.freebase.com/ns/m.03cgqbr>,16
<http://rdf.freebase.com/ns/m.04j3361>,21
<http://rdf.freebase.com/ns/m.09d6fb>,18
<http://rdf.freebase.com/ns/m.02pkpdd>,16
<http://rdf.freebase.com/ns/m.01tn00>,17
<http://rdf.freebase.com/ns/m.04jvy0>,43
<http://rdf.freebase.com/ns/m.0fvjzn>,20
<http://rdf.freebase.com/ns/m.0h04rk>,35
<http://rdf.freebase.com/ns/m.0cmt7r>,18
<http://rdf.freebase.com/ns/m.0464d7>,20
<http://rdf.freebase.com/ns/m.05kx60>,16
<http://rdf.freebase.com/ns/m.0crptn>,58
<http://rdf.freebase.com/ns/m.0jym0>,17
<http://rdf.freebase.com/ns/m.01h18v>,17
<http://rdf.freebase.com/ns/m.07hc8f>,17
<http://rdf.freebase.com/ns/m.0381_9>,48
<http://rdf.freebase.com/ns/m.060xq9>,40
<http://rdf.freebase.com/ns/m.023z7v>,29
<http://rdf.freebase.com/ns/m.07l5v6>,16
<http://rdf.freebase.com/ns/m.01m13b>,40
<http://rdf.freebase.com/ns/m.04q5g>,39
<http://rdf.freebase.com/ns/m.04lqvly>,16
<http://rdf.freebase.com/ns/m.047q4xt>,20
<http://rdf.freebase.com/ns/m.0pd64>,20
<http://rdf.freebase.com/ns/m.0h0j3s>,45
<http://rdf.freebase.com/ns/m.02qcr>,39
<http://rdf.freebase.com/ns/m.04nyc_>,16
<http://rdf.freebase.com/ns/m.041t2d>,21
<http://rdf.freebase.com/ns/m.03dbkp>,44
<http://rdf.freebase.com/ns/m.03gq3j_>,37
<http://rdf.freebase.com/ns/m.0cmbrj>,16
<http://rdf.freebase.com/ns/m.0416y94>,41
<http://rdf.freebase.com/ns/m.0bth54>,32
<http://rdf.freebase.com/ns/m.05b3jp2>,18
<http://rdf.freebase.com/ns/m.04n52p6>,43
<http://rdf.freebase.com/ns/m.03qcfvw>,40
<http://rdf.freebase.com/ns/m.047trvs>,31
<http://rdf.freebase.com/ns/m.08hmch>,37
<http://rdf.freebase.com/ns/m.03mgx6z>,33
<http://rdf.freebase.com/ns/m.04zxmvq>,28
<http://rdf.freebase.com/ns/m.04f5s5j>,16
<http://rdf.freebase.com/ns/m.03hh6dl>,36
<http://rdf.freebase.com/ns/m.03cp4cn>,49
<http://rdf.freebase.com/ns/m.09hy79>,38
<http://rdf.freebase.com/ns/m.047csmy>,41
<http://rdf.freebase.com/ns/m.054lpb6>,17
<http://rdf.freebase.com/ns/base.summermovies2009.topic>,88
<http://rdf.freebase.com/ns/m.01dc0c>,30
<http://rdf.freebase.com/ns/m.09blyk>,183
<http://rdf.freebase.com/ns/m.0gw5m8f>,19
<http://rdf.freebase.com/ns/m.07fb8_>,196
<http://rdf.freebase.com/ns/m.0219x_>,221
<http://rdf.freebase.com/ns/m.0cs1nm4>,17
<http://rdf.freebase.com/ns/m.03d1v5c>,17
<http://rdf.freebase.com/ns/m.04dyz42>,17
<http://rdf.freebase.com/ns/m.05q97rg>,16
<http://rdf.freebase.com/ns/m.0grbf6>,16
<http://rdf.freebase.com/ns/m.06ftdh>,19
<http://rdf.freebase.com/ns/m.0crv8jr>,20
<http://rdf.freebase.com/ns/m.02vr8jc>,16
<http://rdf.freebase.com/ns/m.0fhnh2>,16
<http://rdf.freebase.com/ns/m.02pth35>,47
<http://rdf.freebase.com/ns/m.0gxblph>,18
<http://rdf.freebase.com/ns/m.0cq22xs>,241
<http://rdf.freebase.com/ns/m.0kprd3>,437
<http://rdf.freebase.com/ns/media_common.adapted_work>,237
<http://rdf.freebase.com/ns/m.0gvsynb>,16
<http://rdf.freebase.com/ns/m.0cq22x1>,17
<http://rdf.freebase.com/ns/m.024qqx>,80
<http://rdf.freebase.com/ns/base.pixarfilms.topic>,35
<http://rdf.freebase.com/ns/m.0gw5sv1>,17
<http://rdf.freebase.com/ns/base.disneyana.topic>,240
<http://rdf.freebase.com/ns/m.01795t>,187
<http://rdf.freebase.com/ns/amusement_parks.ride_theme>,60
<http://rdf.freebase.com/ns/m.04t36>,253
<http://rdf.freebase.com/ns/m.03dbjv>,35
<http://rdf.freebase.com/ns/film.film_genre>,83
<http://rdf.freebase.com/ns/m.027_7dd>,69
<http://rdf.freebase.com/ns/m.02q6gfp>,48
<http://rdf.freebase.com/ns/m.0ds11z>,42
<http://rdf.freebase.com/ns/m.01sxdy>,36
<http://rdf.freebase.com/ns/base.skosbase.vocabulary_equivalent_topic>,30
<http://rdf.freebase.com/ns/tv.tv_genre>,58
<http://rdf.freebase.com/ns/m.0569lx>,16
<http://rdf.freebase.com/ns/m.076zs0>,19
<http://rdf.freebase.com/ns/m.05ftpb>,18
<http://rdf.freebase.com/ns/theater.theater_genre>,28
<http://rdf.freebase.com/ns/m.01rnly>,18
<http://rdf.freebase.com/ns/m.0cdqs4>,16
<http://rdf.freebase.com/ns/film.film_festival_focus>,28
<http://rdf.freebase.com/ns/m.01hvjx>,30
<http://rdf.freebase.com/ns/award.award_discipline>,26
<http://rdf.freebase.com/ns/m.05kr4>,16
<http://rdf.freebase.com/ns/m.0kpytn>,17
<http://rdf.freebase.com/ns/base.webvideo.internet_video_genre>,32
<http://rdf.freebase.com/ns/m.03h_yy>,19
<http://rdf.freebase.com/ns/film.film_subject>,40
<http://rdf.freebase.com/ns/m.09dv8h>,33
<http://rdf.freebase.com/ns/base.tagit.concept>,36
<http://rdf.freebase.com/ns/media_common.media_genre>,72
<http://rdf.freebase.com/ns/base.webvideo.topic>,32
<http://rdf.freebase.com/ns/m.0b73wst>,20
<http://rdf.freebase.com/ns/m.07l4_2l>,16
<http://rdf.freebase.com/ns/m.08phbq>,18
<http://rdf.freebase.com/ns/m.02chhq>,36
<http://rdf.freebase.com/ns/m.011yxg>,55
<http://rdf.freebase.com/ns/m.026j0k6>,12
<http://rdf.freebase.com/ns/m.03pjfz>,17
<http://rdf.freebase.com/ns/m.05jzt3>,17
<http://rdf.freebase.com/ns/m.027r9t>,16
<http://rdf.freebase.com/ns/book.book_subject>,82
<http://rdf.freebase.com/ns/base.skosbase.topic>,30
<http://rdf.freebase.com/ns/base.allthingsnewyork.topic>,18
<http://rdf.freebase.com/ns/base.ontologies.ontology_instance>,127
<http://rdf.freebase.com/ns/m.0gw5nxs>,366
<http://rdf.freebase.com/ns/m.0cq22cv>,258
<http://rdf.freebase.com/ns/m.0gw5m95>,301
<http://rdf.freebase.com/ns/m.06qd3>,87
<http://rdf.freebase.com/ns/m.0cq22g2>,200
<http://rdf.freebase.com/ns/m.02hwhyv>,60
<http://rdf.freebase.com/ns/m.09ny0f>,17
<http://rdf.freebase.com/ns/m.09ghmkm>,41
<http://rdf.freebase.com/ns/m.04t2t>,329
<http://rdf.freebase.com/ns/m.07j__3>,33
<http://rdf.freebase.com/ns/m.0cq22lv>,18
<http://rdf.freebase.com/ns/m.0cq22tt>,206
<http://rdf.freebase.com/ns/m.02wtdkf>,18
<http://rdf.freebase.com/ns/m.043tvp3>,30
<http://rdf.freebase.com/ns/m.02bjrlw>,69
<http://rdf.freebase.com/ns/m.030qb3t>,113
<http://rdf.freebase.com/ns/m.01gwk3>,38
<http://rdf.freebase.com/ns/m.0cq22t6>,138
<http://rdf.freebase.com/ns/m.03rjj>,19
<http://rdf.freebase.com/ns/business.product_theme>,16
<http://rdf.freebase.com/ns/base.type_ontology.agent>,34
<http://rdf.freebase.com/ns/m.0gfsq9>,36
<http://rdf.freebase.com/ns/organization.organization>,16
<http://rdf.freebase.com/ns/m.0btpm6>,21
<http://rdf.freebase.com/ns/film.production_company>,24
<http://rdf.freebase.com/ns/m.0418wg>,31
<http://rdf.freebase.com/ns/m.0dr89x>,31
<http://rdf.freebase.com/ns/m.0c38gj>,30
<http://rdf.freebase.com/ns/m.031786>,22
<http://rdf.freebase.com/ns/m.033g4d>,16
<http://rdf.freebase.com/ns/award.award_nominee>,16
<http://rdf.freebase.com/ns/m.02p76f9>,20
<http://rdf.freebase.com/ns/m.07cz2>,56
<http://rdf.freebase.com/ns/m.07f_t4>,50
<http://rdf.freebase.com/ns/m.07vn_9>,49
<http://rdf.freebase.com/ns/m.017n9>,17
<http://rdf.freebase.com/ns/m.05zmj_y>,35
<http://rdf.freebase.com/ns/m.0x25q>,16
<http://rdf.freebase.com/ns/m.04q827>,48
<http://rdf.freebase.com/ns/business.employer>,22
<http://rdf.freebase.com/ns/m.044g_k>,45
<http://rdf.freebase.com/ns/m.04vr_f>,41
<http://rdf.freebase.com/ns/m.08hfnz>,16
<http://rdf.freebase.com/ns/m.0gy0l_>,16
<http://rdf.freebase.com/ns/m.03hmt9b>,74
<http://rdf.freebase.com/ns/m.05znxx>,17
<http://rdf.freebase.com/ns/m.0hvvf>,18
<http://rdf.freebase.com/ns/m.08fn5b>,17
<http://rdf.freebase.com/ns/m.01vw8k>,36
<http://rdf.freebase.com/ns/award.award_winner>,16
<http://rdf.freebase.com/ns/m.031hcx>,20
<http://rdf.freebase.com/ns/m.04fjzv>,53
<http://rdf.freebase.com/ns/m.059rc>,22
<http://rdf.freebase.com/ns/m.011yqc>,26
<http://rdf.freebase.com/ns/business.business_operation>,16
<http://rdf.freebase.com/ns/m.026p4q7>,19
<http://rdf.freebase.com/ns/m.0dlngsd>,17
<http://rdf.freebase.com/ns/m.01hp5>,16
<http://rdf.freebase.com/ns/m.05ldxl>,55
<http://rdf.freebase.com/ns/m.011xg5>,36
<http://rdf.freebase.com/ns/m.01hq1>,16
<http://rdf.freebase.com/ns/m.03s9kp>,45
<http://rdf.freebase.com/ns/m.04hk0w>,33
<http://rdf.freebase.com/ns/m.02qk3fk>,28
<http://rdf.freebase.com/ns/m.0dg3yq>,17
<http://rdf.freebase.com/ns/m.09gb_4p>,24
<http://rdf.freebase.com/ns/m.01kff7>,16
<http://rdf.freebase.com/ns/m.02v6_c>,16
<http://rdf.freebase.com/ns/m.0333t>,44
<http://rdf.freebase.com/ns/m.09xbpt>,28
<http://rdf.freebase.com/ns/m.05szq8z>,30
<http://rdf.freebase.com/ns/m.0kv6pf>,15
<http://rdf.freebase.com/ns/m.0bz3jx>,36
<http://rdf.freebase.com/ns/m.0gw5nj1>,162
<http://rdf.freebase.com/ns/m.06cvj>,228
<http://rdf.freebase.com/ns/m.04rlf>,125
<http://rdf.freebase.com/ns/m.012s1d>,41
<http://rdf.freebase.com/ns/m.02wgk1>,40
<http://rdf.freebase.com/ns/user.ansamcw.my_homepage.topic>,18
<http://rdf.freebase.com/ns/m.0cq22md>,17
<http://rdf.freebase.com/ns/base.reviews.reviewed_topic>,40
<http://rdf.freebase.com/ns/m.067ghz>,33
<http://rdf.freebase.com/ns/m.03npn>,246
<http://rdf.freebase.com/ns/m.01f8hf>,16
<http://rdf.freebase.com/ns/m.03sxd2>,16
<http://rdf.freebase.com/ns/m.0h6r5>,57
<http://rdf.freebase.com/ns/m.09q5w2>,44
<http://rdf.freebase.com/ns/m.03r0g9>,37
<http://rdf.freebase.com/ns/m.02__34>,41
<http://rdf.freebase.com/ns/m.019npw>,60
<http://rdf.freebase.com/ns/m.05567m>,40
<http://rdf.freebase.com/ns/m.06nq0j>,19
<http://rdf.freebase.com/ns/m.07xlnf>,16
<http://rdf.freebase.com/ns/m.0y_pg>,36
<http://rdf.freebase.com/ns/m.02pr7d_>,17
<http://rdf.freebase.com/ns/m.0b2v79>,21
<http://rdf.freebase.com/ns/m.017gl1>,63
<http://rdf.freebase.com/ns/m.01tch8>,17
<http://rdf.freebase.com/ns/m.02r8hh_>,67
<http://rdf.freebase.com/ns/m.02qg_qm>,16
<http://rdf.freebase.com/ns/m.0m_tj>,29
<http://rdf.freebase.com/ns/m.0bb1s_r>,17
<http://rdf.freebase.com/ns/m.0kvgxk>,16
<http://rdf.freebase.com/ns/m.0fbckx>,19
<http://rdf.freebase.com/ns/m.01cqkc>,16
<http://rdf.freebase.com/ns/m.026390q>,34
<http://rdf.freebase.com/ns/m.0d4q15>,16
<http://rdf.freebase.com/ns/m.0bdjd>,24
<http://rdf.freebase.com/ns/m.0211pk>,27
<http://rdf.freebase.com/ns/m.09rt72>,16
<http://rdf.freebase.com/ns/m.011ypx>,33
<http://rdf.freebase.com/ns/m.0jzw>,60
<http://rdf.freebase.com/ns/m.03cvwkr>,18
<http://rdf.freebase.com/ns/m.03k8th>,44
<http://rdf.freebase.com/ns/m.0296rz>,17
<http://rdf.freebase.com/ns/m.0315rp>,43
<http://rdf.freebase.com/ns/m.01jvb5>,17
<http://rdf.freebase.com/ns/m.01gc7>,44
<http://rdf.freebase.com/ns/m.07tt4d>,17
<http://rdf.freebase.com/ns/m.02jkkv>,21
<http://rdf.freebase.com/ns/m.0_816>,16
<http://rdf.freebase.com/ns/m.0jdr0>,23
<http://rdf.freebase.com/ns/m.0125xq>,44
<http://rdf.freebase.com/ns/m.02kfzz>,18
<http://rdf.freebase.com/ns/m.0jqly>,16
<http://rdf.freebase.com/ns/m.0cy6r9>,16
<http://rdf.freebase.com/ns/m.0jsf6>,67
<http://rdf.freebase.com/ns/m.07q78>,53
<http://rdf.freebase.com/ns/m.01fxc3>,16
<http://rdf.freebase.com/ns/m.01cqks>,59
<http://rdf.freebase.com/ns/m.09z2b7>,17
<http://rdf.freebase.com/ns/m.05m__6g>,17
<http://rdf.freebase.com/ns/m.01n30p>,18
<http://rdf.freebase.com/ns/m.06zs6z>,16
<http://rdf.freebase.com/ns/m.07j94>,32
<http://rdf.freebase.com/ns/m.062q6x>,16
<http://rdf.freebase.com/ns/m.02bvc_>,17
<http://rdf.freebase.com/ns/m.07gp9>,21
<http://rdf.freebase.com/ns/m.014_x2>,35
<http://rdf.freebase.com/ns/m.015qrk>,16
<http://rdf.freebase.com/ns/m.018wsw>,37
<http://rdf.freebase.com/ns/m.0y_yw>,46
<http://rdf.freebase.com/ns/m.08nvyr>,49
<http://rdf.freebase.com/ns/m.0hwpz>,32
<http://rdf.freebase.com/ns/m.09ps01>,16
<http://rdf.freebase.com/ns/m.07pd_j>,34
<http://rdf.freebase.com/ns/m.0pv3x>,77
<http://rdf.freebase.com/ns/m.03gcyx>,20
<http://rdf.freebase.com/ns/m.02qg5zq>,16
<http://rdf.freebase.com/ns/m.0822j>,77
<http://rdf.freebase.com/ns/m.047ls29>,16
<http://rdf.freebase.com/ns/m.0dlh47>,18
<http://rdf.freebase.com/ns/m.0yx_w>,30
<http://rdf.freebase.com/ns/m.07_cx8>,12
<http://rdf.freebase.com/ns/m.024gy8>,17
<http://rdf.freebase.com/ns/m.0ywrc>,71
<http://rdf.freebase.com/ns/m.0b1twg>,17
<http://rdf.freebase.com/ns/m.0bw6fj>,16
<http://rdf.freebase.com/ns/m.0y_9q>,61
<http://rdf.freebase.com/ns/m.0bvrq89>,17
<http://rdf.freebase.com/ns/m.09m6kg>,21
<http://rdf.freebase.com/ns/m.048rn>,19
<http://rdf.freebase.com/ns/m.0404xj0>,18
<http://rdf.freebase.com/ns/m.03zyv4>,17
<http://rdf.freebase.com/ns/m.02jr6k>,17
<http://rdf.freebase.com/ns/m.08xnxg>,18
<http://rdf.freebase.com/ns/m.031s5z>,32
<http://rdf.freebase.com/ns/m.035s95>,17
<http://rdf.freebase.com/ns/m.03d2tx2>,16
<http://rdf.freebase.com/ns/m.0209xj>,59
<http://rdf.freebase.com/ns/m.0g9lm2>,45
<http://rdf.freebase.com/ns/m.016dj8>,42
<http://rdf.freebase.com/ns/m.03wc5fn>,16
<http://rdf.freebase.com/ns/m.0b6tzs>,43
<http://rdf.freebase.com/ns/m.038km6>,18
<http://rdf.freebase.com/ns/m.04rg8v>,19
<http://rdf.freebase.com/ns/m.01xq8v>,52
<http://rdf.freebase.com/ns/m.0hv4t>,20
<http://rdf.freebase.com/ns/m.06b990>,17
<http://rdf.freebase.com/ns/m.0893dl>,16
<http://rdf.freebase.com/ns/m.064lsn>,57
<http://rdf.freebase.com/ns/m.072192>,18
<http://rdf.freebase.com/ns/m.0kvgnq>,31
<http://rdf.freebase.com/ns/m.040b5k>,65
<http://rdf.freebase.com/ns/m.0dr_4>,18
<http://rdf.freebase.com/ns/m.0bnzd>,18
<http://rdf.freebase.com/ns/m.014nc5>,16
<http://rdf.freebase.com/ns/m.0f4m2z>,18
<http://rdf.freebase.com/ns/m.06l2pj>,16
<http://rdf.freebase.com/ns/m.09x9d0>,17
<http://rdf.freebase.com/ns/m.07m9qh>,16
<http://rdf.freebase.com/ns/m.099wbj>,22
<http://rdf.freebase.com/ns/m.0hx4y>,58
<http://rdf.freebase.com/ns/m.048xyn>,17
<http://rdf.freebase.com/ns/m.0b7b7v4>,16
<http://rdf.freebase.com/ns/m.0bt3fx>,16
<http://rdf.freebase.com/ns/m.032sl_>,36
<http://rdf.freebase.com/ns/m.07cw4>,66
<http://rdf.freebase.com/ns/m.0glbqt>,18
<http://rdf.freebase.com/ns/m.02pscpb>,17
<http://rdf.freebase.com/ns/m.0hv63>,17
<http://rdf.freebase.com/ns/m.04smdd>,16
<http://rdf.freebase.com/ns/m.088vdg>,16
<http://rdf.freebase.com/ns/m.0ktpx>,18
<http://rdf.freebase.com/ns/m.02ptczs>,16
<http://rdf.freebase.com/ns/m.0g4vys>,16
<http://rdf.freebase.com/ns/m.01pgrh>,37
<http://rdf.freebase.com/ns/m.0b3935>,17
<http://rdf.freebase.com/ns/m.0fsd9t>,16
<http://rdf.freebase.com/ns/m.046488>,54
<http://rdf.freebase.com/ns/m.06c753>,26
<http://rdf.freebase.com/ns/m.027ht9h>,19
<http://rdf.freebase.com/ns/m.01cycq>,36
<http://rdf.freebase.com/ns/m.0fy66>,17
<http://rdf.freebase.com/ns/m.08zrbl>,22
<http://rdf.freebase.com/ns/m.09qpxm>,18
<http://rdf.freebase.com/ns/m.01mgw>,28
<http://rdf.freebase.com/ns/m.0ccck7>,17
<http://rdf.freebase.com/ns/m.083shs>,18
<http://rdf.freebase.com/ns/m.0_9wr>,26
<http://rdf.freebase.com/ns/m.055b0h>,23
<http://rdf.freebase.com/ns/m.091z_p>,52
<http://rdf.freebase.com/ns/m.0jymd>,17
<http://rdf.freebase.com/ns/m.01f82x>,16
<http://rdf.freebase.com/ns/m.07bx6>,29
<http://rdf.freebase.com/ns/m.0320fn>,16
<http://rdf.freebase.com/ns/m.0gn0dj>,16
<http://rdf.freebase.com/ns/m.06cs3l>,16
<http://rdf.freebase.com/ns/m.026t9dn>,22
<http://rdf.freebase.com/ns/m.02h22>,20
<http://rdf.freebase.com/ns/m.0fh2v5>,22
<http://rdf.freebase.com/ns/m.0221zw>,29
<http://rdf.freebase.com/ns/m.02dglg>,47
<http://rdf.freebase.com/ns/m.03dbg_>,36
<http://rdf.freebase.com/ns/m.0ddf9m>,21
<http://rdf.freebase.com/ns/m.011ysn>,18
<http://rdf.freebase.com/ns/m.035w2k>,32
<http://rdf.freebase.com/ns/m.02bvbs>,20
<http://rdf.freebase.com/ns/m.01ln5z>,39
<http://rdf.freebase.com/ns/m.016fyc>,40
<http://rdf.freebase.com/ns/m.017gm7>,22
<http://rdf.freebase.com/ns/m.017jd9>,70
<http://rdf.freebase.com/ns/m.0dt8xq>,31
<http://rdf.freebase.com/ns/m.0ctb4g>,64
<http://rdf.freebase.com/ns/m.06r3yf>,18
<http://rdf.freebase.com/ns/m.07g1sm>,74
<http://rdf.freebase.com/ns/m.09cxf8>,16
<http://rdf.freebase.com/ns/m.07024>,16
<http://rdf.freebase.com/ns/m.0_b9f>,48
<http://rdf.freebase.com/ns/m.042vk0>,20
<http://rdf.freebase.com/ns/m.08fsgq>,17
<http://rdf.freebase.com/ns/m.02p86pb>,19
<http://rdf.freebase.com/ns/m.03yvf2>,41
<http://rdf.freebase.com/ns/m.0f4vx>,20
<http://rdf.freebase.com/ns/m.0404j37>,37
<http://rdf.freebase.com/ns/m.07j6w>,36
<http://rdf.freebase.com/ns/m.06cm5>,17
<http://rdf.freebase.com/ns/m.061681>,49
<http://rdf.freebase.com/ns/m.0jqd3>,20
<http://rdf.freebase.com/ns/m.01hdzl3>,16
<http://rdf.freebase.com/ns/m.0dgqkss>,17
<http://rdf.freebase.com/ns/m.0b74f5s>,17
<http://rdf.freebase.com/ns/m.01brqv>,18
<http://rdf.freebase.com/ns/m.05my53>,16
<http://rdf.freebase.com/ns/m.03cfkrw>,16
<http://rdf.freebase.com/ns/m.02y5fm>,16
<http://rdf.freebase.com/ns/m.0cq22p4>,271
<http://rdf.freebase.com/ns/m.02fqrf>,41
<http://rdf.freebase.com/ns/m.0w4vd4w>,82
<http://rdf.freebase.com/ns/m.02qd04y>,41
<http://rdf.freebase.com/ns/base.sfiff.topic>,241
<http://rdf.freebase.com/ns/m.02zcrq>,8
<http://rdf.freebase.com/ns/m.03qdlh6>,15
<http://rdf.freebase.com/ns/m.0680y4>,14
<http://rdf.freebase.com/ns/m.0418xy>,40
<http://rdf.freebase.com/ns/m.03115z>,17
<http://rdf.freebase.com/ns/m.0d90m>,51
<http://rdf.freebase.com/ns/m.09jbbl>,19
<http://rdf.freebase.com/ns/m.06_sc3>,36
<http://rdf.freebase.com/ns/m.01qb5d>,22
<http://rdf.freebase.com/ns/m.02736wx>,22
<http://rdf.freebase.com/ns/m.057lbk>,42
<http://rdf.freebase.com/ns/m.048yqf>,18
<http://rdf.freebase.com/ns/m.0cnz15>,17
<http://rdf.freebase.com/ns/m.06gb1w>,51
<http://rdf.freebase.com/ns/m.04nnpw>,37
<http://rdf.freebase.com/ns/m.05nlx4>,46
<http://rdf.freebase.com/ns/m.0cnztc4>,20
<http://rdf.freebase.com/ns/m.01vksx>,63
<http://rdf.freebase.com/ns/m.050f0s>,34
<http://rdf.freebase.com/ns/m.03nm_fh>,57
<http://rdf.freebase.com/ns/m.0462hhb>,43
<http://rdf.freebase.com/ns/m.0ds0bzl>,18
<http://rdf.freebase.com/ns/m.02rv_dz>,46
<http://rdf.freebase.com/ns/m.05zlld0>,45
<http://rdf.freebase.com/ns/m.026qnh6>,34
<http://rdf.freebase.com/ns/m.053rxgm>,19
<http://rdf.freebase.com/ns/m.080lkt7>,16
<http://rdf.freebase.com/ns/m.02w9k1c>,19
<http://rdf.freebase.com/ns/m.06fqlk>,34
<http://rdf.freebase.com/ns/m.02cbhg>,16
<http://rdf.freebase.com/ns/m.047v2p4>,19
<http://rdf.freebase.com/ns/m.0cd2vh9>,16
<http://rdf.freebase.com/ns/m.0bmc4cm>,17
<http://rdf.freebase.com/ns/m.087pfc>,26
<http://rdf.freebase.com/ns/m.0dzlbx>,46
<http://rdf.freebase.com/ns/m.0bs2fdm>,17
<http://rdf.freebase.com/ns/m.03y0pn>,46
<http://rdf.freebase.com/ns/m.01flv_>,45
<http://rdf.freebase.com/ns/m.0d060g>,69
<http://rdf.freebase.com/ns/m.01gb54>,79
<http://rdf.freebase.com/ns/m.036p2_>,44
<http://rdf.freebase.com/ns/m.0kvc2g>,15
<http://rdf.freebase.com/ns/m.0652f>,56
<http://rdf.freebase.com/ns/m.09ryvd>,16
<http://rdf.freebase.com/ns/m.03gn8d>,40
<http://rdf.freebase.com/ns/m.01f8gz>,44
<http://rdf.freebase.com/ns/m.02chjf>,43
<http://rdf.freebase.com/ns/m.04k1hd>,19
<http://rdf.freebase.com/ns/m.04d2ht>,47
<http://rdf.freebase.com/ns/m.014bjk>,40
<http://rdf.freebase.com/ns/m.0126nh>,16
<http://rdf.freebase.com/ns/m.05z5cp>,18
<http://rdf.freebase.com/ns/m.026qgmr>,39
<http://rdf.freebase.com/ns/m.02qnqds>,17
<http://rdf.freebase.com/ns/m.02pxxg7>,30
<http://rdf.freebase.com/ns/m.08d4f_>,25
<http://rdf.freebase.com/ns/m.02b0w4>,29
<http://rdf.freebase.com/ns/m.02b63c>,19
<http://rdf.freebase.com/ns/m.018pgb>,30
<http://rdf.freebase.com/ns/m.09l8z8>,16
<http://rdf.freebase.com/ns/m.0c41bm>,18
<http://rdf.freebase.com/ns/m.01d22s>,53
<http://rdf.freebase.com/ns/m.02710cc>,27
<http://rdf.freebase.com/ns/m.0340hj>,47
<http://rdf.freebase.com/ns/m.017s11>,93
<http://rdf.freebase.com/ns/base.dedication.topic>,49
<http://rdf.freebase.com/ns/media_common.dedicated_work>,49
<http://rdf.freebase.com/ns/m.07kdkfj>,20
<http://rdf.freebase.com/ns/m.063z6ss>,20
<http://rdf.freebase.com/ns/m.03dq65>,52
<http://rdf.freebase.com/ns/m.03c649y>,34
<http://rdf.freebase.com/ns/m.0f1z1j>,30
<http://rdf.freebase.com/ns/m.0bvp8d7>,27
<http://rdf.freebase.com/ns/m.0crrm_z>,17
<http://rdf.freebase.com/ns/m.04j18rd>,16
<http://rdf.freebase.com/ns/m.0crzml8>,19
<http://rdf.freebase.com/ns/m.0c012mx>,18
<http://rdf.freebase.com/ns/m.07w88w>,16
<http://rdf.freebase.com/ns/m.025tsb4>,21
<http://rdf.freebase.com/ns/m.05g7yh>,16
<http://rdf.freebase.com/ns/m.0619zw>,31
<http://rdf.freebase.com/ns/m.0dr_dyb>,21
<http://rdf.freebase.com/ns/m.0f11mt>,16
<http://rdf.freebase.com/ns/m.0b0vcx>,22
<http://rdf.freebase.com/ns/m.03c96rq>,34
<http://rdf.freebase.com/ns/m.0gw4m1>,43
<http://rdf.freebase.com/ns/m.04j0sm_>,16
<http://rdf.freebase.com/ns/m.09fdz5>,46
<http://rdf.freebase.com/ns/m.0b74yg0>,21
<http://rdf.freebase.com/ns/m.04yynk>,25
<http://rdf.freebase.com/ns/m.0btf7x>,31
<http://rdf.freebase.com/ns/m.031czs>,16
<http://rdf.freebase.com/ns/m.0273q8b>,32
<http://rdf.freebase.com/ns/m.03w96tf>,17
<http://rdf.freebase.com/ns/m.069m26>,16
<http://rdf.freebase.com/ns/m.04j2tyr>,18
<http://rdf.freebase.com/ns/m.0f321g>,19
<http://rdf.freebase.com/ns/m.02_s7x>,17
<http://rdf.freebase.com/ns/m.03c1_jf>,39
<http://rdf.freebase.com/ns/m.02vmkjx>,20
<http://rdf.freebase.com/ns/m.067k5q>,37
<http://rdf.freebase.com/ns/m.0crygmw>,21
<http://rdf.freebase.com/ns/m.02qspkp>,23
<http://rdf.freebase.com/ns/m.0g4y5_>,34
<http://rdf.freebase.com/ns/m.05f7sr4>,18
<http://rdf.freebase.com/ns/m.0crybfg>,18
<http://rdf.freebase.com/ns/m.0crrm6v>,18
<http://rdf.freebase.com/ns/g.155pmr8_>,18
<http://rdf.freebase.com/ns/m.0crrnhd>,16
<http://rdf.freebase.com/ns/m.02p5dl7>,44
<http://rdf.freebase.com/ns/m.08j7lh>,33
<http://rdf.freebase.com/ns/m.0crt3cw>,19
<http://rdf.freebase.com/ns/m.0b6cyd>,16
<http://rdf.freebase.com/ns/m.09cgwl>,18
<http://rdf.freebase.com/ns/m.04j1_qr>,18
<http://rdf.freebase.com/ns/m.0crrry3>,19
<http://rdf.freebase.com/ns/m.0g601c>,40
<http://rdf.freebase.com/ns/m.027dv2c>,16
<http://rdf.freebase.com/ns/m.03_wm6>,16
<http://rdf.freebase.com/ns/m.027qpmb>,30
<http://rdf.freebase.com/ns/m.0h7l2>,19
<http://rdf.freebase.com/ns/m.026rg27>,32
<http://rdf.freebase.com/ns/m.0crsg0p>,16
<http://rdf.freebase.com/ns/m.08gd4b>,34
<http://rdf.freebase.com/ns/m.08nzsk>,16
<http://rdf.freebase.com/ns/m.08_n0y>,22
<http://rdf.freebase.com/ns/m.027m67>,45
<http://rdf.freebase.com/ns/m.05_tsb>,17
<http://rdf.freebase.com/ns/m.0bbwqld>,35
<http://rdf.freebase.com/ns/m.06_vszc>,13
<http://rdf.freebase.com/ns/m.07lfd1>,23
<http://rdf.freebase.com/ns/m.0c545p>,19
<http://rdf.freebase.com/ns/m.04zlrd>,16
<http://rdf.freebase.com/ns/m.04n043k>,20
<http://rdf.freebase.com/ns/m.04f1b_d>,16
<http://rdf.freebase.com/ns/m.05t0nvt>,23
<http://rdf.freebase.com/ns/m.03cxylj>,16
<http://rdf.freebase.com/ns/m.0bbzkl1>,21
<http://rdf.freebase.com/ns/m.047myg9>,17
<http://rdf.freebase.com/ns/m.03c1cq0>,16
<http://rdf.freebase.com/ns/m.09210y>,16
<http://rdf.freebase.com/ns/m.05_lhx>,54
<http://rdf.freebase.com/ns/m.09sgzr>,16
<http://rdf.freebase.com/ns/m.0611rr>,41
<http://rdf.freebase.com/ns/m.04j14q0>,16
<http://rdf.freebase.com/ns/m.09gp_wf>,16
<http://rdf.freebase.com/ns/m.05_ywn>,19
<http://rdf.freebase.com/ns/m.04j2qx9>,16
<http://rdf.freebase.com/ns/m.02qxnnh>,19
<http://rdf.freebase.com/ns/m.01v5rj>,41
<http://rdf.freebase.com/ns/m.031ldd>,35
<http://rdf.freebase.com/ns/m.0crsh_1>,16
<http://rdf.freebase.com/ns/m.079tvk>,43
<http://rdf.freebase.com/ns/m.0kvbh4>,19
<http://rdf.freebase.com/ns/m.0crrrfc>,17
<http://rdf.freebase.com/ns/g.119pg2bd6>,16
<http://rdf.freebase.com/ns/m.04j236x>,18
<http://rdf.freebase.com/ns/m.0crwpg4>,18
<http://rdf.freebase.com/ns/m.06mqy5>,16
<http://rdf.freebase.com/ns/m.03ybp6p>,34
<http://rdf.freebase.com/ns/m.04z_pxk>,20
<http://rdf.freebase.com/ns/m.04j038y>,16
<http://rdf.freebase.com/ns/m.02rw0h>,16
<http://rdf.freebase.com/ns/m.03c4x6t>,27
<http://rdf.freebase.com/ns/m.027f991>,19
<http://rdf.freebase.com/ns/m.0crt80x>,16
<http://rdf.freebase.com/ns/m.0dckvs>,16
<http://rdf.freebase.com/ns/m.03c_9q5>,29
<http://rdf.freebase.com/ns/m.0ds_wq>,21
<http://rdf.freebase.com/ns/g.122l3gdh>,16
<http://rdf.freebase.com/ns/m.05znbh7>,34
<http://rdf.freebase.com/ns/m.0b1mrv>,33
<http://rdf.freebase.com/ns/m.0crsdxr>,16
<http://rdf.freebase.com/ns/m.0489v9>,16
<http://rdf.freebase.com/ns/m.04gwgb>,36
<http://rdf.freebase.com/ns/m.03cwwl>,33
<http://rdf.freebase.com/ns/m.0dshmb>,18
<http://rdf.freebase.com/ns/m.0fvdyy>,16
<http://rdf.freebase.com/ns/m.050j7k>,43
<http://rdf.freebase.com/ns/m.0crsjyj>,19
<http://rdf.freebase.com/ns/m.04j31dn>,41
<http://rdf.freebase.com/ns/m.07f38s>,45
<http://rdf.freebase.com/ns/m.043n0v_>,42
<http://rdf.freebase.com/ns/m.0dkl8q>,19
<http://rdf.freebase.com/ns/m.0cbz5b>,18
<http://rdf.freebase.com/ns/m.0d3l06>,16
<http://rdf.freebase.com/ns/m.03_95w>,18
<http://rdf.freebase.com/ns/m.04j2h31>,16
<http://rdf.freebase.com/ns/m.04j341l>,17
<http://rdf.freebase.com/ns/m.0gm16z9>,16
<http://rdf.freebase.com/ns/m.06_ww_q>,16
<http://rdf.freebase.com/ns/m.0464hn_>,22
<http://rdf.freebase.com/ns/m.027s_3d>,17
<http://rdf.freebase.com/ns/m.047bsx3>,16
<http://rdf.freebase.com/ns/m.04jncsm>,17
<http://rdf.freebase.com/ns/m.0803hgc>,31
<http://rdf.freebase.com/ns/m.02qjb2f>,36
<http://rdf.freebase.com/ns/m.04nqyb>,16
<http://rdf.freebase.com/ns/m.076v5ll>,18
<http://rdf.freebase.com/ns/m.0275gy3>,16
<http://rdf.freebase.com/ns/m.027f4b4>,16
<http://rdf.freebase.com/ns/m.0crt6qh>,16
<http://rdf.freebase.com/ns/m.04z_3pm>,35
<http://rdf.freebase.com/ns/m.0233bn>,44
<http://rdf.freebase.com/ns/m.07s9_c>,23
<http://rdf.freebase.com/ns/m.04n7gf2>,19
<http://rdf.freebase.com/ns/m.09_33n>,52
<http://rdf.freebase.com/ns/m.0b00y6>,18
<http://rdf.freebase.com/ns/m.04j2r3y>,17
<http://rdf.freebase.com/ns/m.04z4j2>,17
<http://rdf.freebase.com/ns/m.0dkv90>,29
<http://rdf.freebase.com/ns/m.0393n4>,17
<http://rdf.freebase.com/ns/m.0crzfr8>,19
<http://rdf.freebase.com/ns/m.02dr9j>,39
<http://rdf.freebase.com/ns/m.06t384>,17
<http://rdf.freebase.com/ns/m.05c2c9r>,31
<http://rdf.freebase.com/ns/m.04zz5j3>,16
<http://rdf.freebase.com/ns/m.0h14ln>,46
<http://rdf.freebase.com/ns/m.033dqs>,17
<http://rdf.freebase.com/ns/m.04rxv1>,31
<http://rdf.freebase.com/ns/m.04j34x5>,18
<http://rdf.freebase.com/ns/m.04j1_77>,16
<http://rdf.freebase.com/ns/m.0432_5>,35
<http://rdf.freebase.com/ns/m.07r1vn>,33
<http://rdf.freebase.com/ns/m.0g4y1w>,16
<http://rdf.freebase.com/ns/m.04xnk6>,16
<http://rdf.freebase.com/ns/m.07rdtw>,34
<http://rdf.freebase.com/ns/m.0b6gpx5>,16
<http://rdf.freebase.com/ns/m.0dd9r1z>,31
<http://rdf.freebase.com/ns/m.0b_ssm>,16
<http://rdf.freebase.com/ns/m.04j2687>,17
<http://rdf.freebase.com/ns/m.0b6mjb4>,20
<http://rdf.freebase.com/ns/m.0g5ttpt>,17
<http://rdf.freebase.com/ns/m.0b6dk8n>,34
<http://rdf.freebase.com/ns/m.02p5dlm>,40
<http://rdf.freebase.com/ns/m.0285zc2>,31
<http://rdf.freebase.com/ns/m.07hgp8>,16
<http://rdf.freebase.com/ns/m.04j30t8>,16
<http://rdf.freebase.com/ns/m.0crsnvr>,16
<http://rdf.freebase.com/ns/m.0cs43rv>,16
<http://rdf.freebase.com/ns/m.027tffd>,16
<http://rdf.freebase.com/ns/m.053xlz>,33
<http://rdf.freebase.com/ns/m.027fbq2>,33
<http://rdf.freebase.com/ns/m.0df92l>,29
<http://rdf.freebase.com/ns/m.0kvdfm>,17
<http://rdf.freebase.com/ns/m.0flln8>,17
<http://rdf.freebase.com/ns/m.0fc3yx>,31
<http://rdf.freebase.com/ns/m.0b779vc>,27
<http://rdf.freebase.com/ns/m.0gjbb5>,16
<http://rdf.freebase.com/ns/m.07yc_w>,42
<http://rdf.freebase.com/ns/m.043jvpf>,19
<http://rdf.freebase.com/ns/m.04gw4j3>,16
<http://rdf.freebase.com/ns/m.0gfcvn>,16
<http://rdf.freebase.com/ns/m.09s60jk>,28
<http://rdf.freebase.com/ns/m.03dq2m>,37
<http://rdf.freebase.com/ns/m.095d6h>,42
<http://rdf.freebase.com/ns/m.08c4yn>,16
<http://rdf.freebase.com/ns/m.080dfr7>,36
<http://rdf.freebase.com/ns/m.02p8gdh>,17
<http://rdf.freebase.com/ns/m.079hkg>,16
<http://rdf.freebase.com/ns/m.04j07nh>,17
<http://rdf.freebase.com/ns/m.087kxs>,22
<http://rdf.freebase.com/ns/m.065ym0c>,32
<http://rdf.freebase.com/ns/m.01sby_>,37
<http://rdf.freebase.com/ns/m.06hhl4>,17
<http://rdf.freebase.com/ns/m.0crrs_3>,16
<http://rdf.freebase.com/ns/m.03qfn44>,16
<http://rdf.freebase.com/ns/m.04xp9b>,31
<http://rdf.freebase.com/ns/m.0crv7w8>,16
<http://rdf.freebase.com/ns/m.0cdwjp>,16
<http://rdf.freebase.com/ns/m.0crsf88>,36
<http://rdf.freebase.com/ns/m.04j0wb3>,16
<http://rdf.freebase.com/ns/m.02vztbf>,30
<http://rdf.freebase.com/ns/m.0dsfd0l>,36
<http://rdf.freebase.com/ns/m.06jl81>,17
<http://rdf.freebase.com/ns/m.05nd58>,17
<http://rdf.freebase.com/ns/m.06gkgy>,29
<http://rdf.freebase.com/ns/m.0dx8gj>,37
<http://rdf.freebase.com/ns/m.07s5kvr>,37
<http://rdf.freebase.com/ns/m.0crr_w9>,16
<http://rdf.freebase.com/ns/m.0drxqld>,17
<http://rdf.freebase.com/ns/m.0djb5js>,16
<http://rdf.freebase.com/ns/m.04vwgn>,16
<http://rdf.freebase.com/ns/m.02jygq>,19
<http://rdf.freebase.com/ns/m.05sfcq>,16
<http://rdf.freebase.com/ns/m.0b6d047>,17
<http://rdf.freebase.com/ns/m.0clsl7>,44
<http://rdf.freebase.com/ns/m.0bk8r0>,27
<http://rdf.freebase.com/ns/m.02pb6kt>,17
<http://rdf.freebase.com/ns/m.0crrwjb>,16
<http://rdf.freebase.com/ns/m.0cr_j8q>,16
<http://rdf.freebase.com/ns/m.0crw384>,16
<http://rdf.freebase.com/ns/m.0crsf85>,16
<http://rdf.freebase.com/ns/m.019_tg>,27
<http://rdf.freebase.com/ns/m.04j2c9p>,16
<http://rdf.freebase.com/ns/m.02mzvv>,36
<http://rdf.freebase.com/ns/m.04j1r7m>,16
<http://rdf.freebase.com/ns/m.09jv6s>,29
<http://rdf.freebase.com/ns/m.0crrpw7>,16
<http://rdf.freebase.com/ns/m.01f8f7>,55
<http://rdf.freebase.com/ns/m.03nmlb>,17
<http://rdf.freebase.com/ns/m.0crt9_y>,16
<http://rdf.freebase.com/ns/m.0frb0z>,37
<http://rdf.freebase.com/ns/m.04j277c>,19
<http://rdf.freebase.com/ns/m.051vz61>,21
<http://rdf.freebase.com/ns/m.04zlqn>,39
<http://rdf.freebase.com/ns/m.04j2zhk>,17
<http://rdf.freebase.com/ns/m.0crsdyc>,18
<http://rdf.freebase.com/ns/m.0dgs73j>,38
<http://rdf.freebase.com/ns/m.025tsbx>,59
<http://rdf.freebase.com/ns/m.0b3sw8>,33
<http://rdf.freebase.com/ns/m.02r18nq>,16
<http://rdf.freebase.com/ns/m.02pzpwl>,18
<http://rdf.freebase.com/ns/m.0crv7gg>,16
<http://rdf.freebase.com/ns/m.04j0j5v>,16
<http://rdf.freebase.com/ns/m.060_v6>,17
<http://rdf.freebase.com/ns/m.02w5xn9>,32
<http://rdf.freebase.com/ns/m.04n5nfh>,20
<http://rdf.freebase.com/ns/m.0cvgpv>,16
<http://rdf.freebase.com/ns/m.04j2z21>,16
<http://rdf.freebase.com/ns/m.04h4c9>,18
<http://rdf.freebase.com/ns/m.080h6vl>,18
<http://rdf.freebase.com/ns/m.01gcz7>,51
<http://rdf.freebase.com/ns/m.0mb8c>,35
<http://rdf.freebase.com/ns/m.088_d4h>,30
<http://rdf.freebase.com/ns/m.04j2y31>,17
<http://rdf.freebase.com/ns/m.0fs0wm>,17
<http://rdf.freebase.com/ns/base.rosenbaum.topic>,151
<http://rdf.freebase.com/ns/m.0gw5m81>,172
<http://rdf.freebase.com/ns/base.sundance.topic>,16
<http://rdf.freebase.com/ns/m.0cq22cg>,152
<http://rdf.freebase.com/ns/m.0gw5m8b>,159
<http://rdf.freebase.com/ns/m.05pdh86>,42
<http://rdf.freebase.com/ns/m.0cq23c5>,65
<http://rdf.freebase.com/ns/m.0gw5nxw>,160
<http://rdf.freebase.com/ns/m.06b_j>,52
<http://rdf.freebase.com/ns/m.02kl17>,17
<http://rdf.freebase.com/ns/m.03cqg2h>,16
<http://rdf.freebase.com/ns/m.026_ljq>,16
<http://rdf.freebase.com/ns/m.0crzpkx>,16
<http://rdf.freebase.com/ns/m.01738w>,19
<http://rdf.freebase.com/ns/m.0bq2wj>,16
<http://rdf.freebase.com/ns/m.04663_4>,18
<http://rdf.freebase.com/ns/m.0cl4bd8>,17
<http://rdf.freebase.com/ns/m.0dysgq>,16
<http://rdf.freebase.com/ns/m.0f_638>,17
<http://rdf.freebase.com/ns/sports.sports_team_location>,16
<http://rdf.freebase.com/ns/location.dated_location>,16
<http://rdf.freebase.com/ns/periodicals.newspaper_circulation_area>,16
<http://rdf.freebase.com/ns/base.biblioness.bibs_location>,16
<http://rdf.freebase.com/ns/organization.organization_founder>,16
<http://rdf.freebase.com/ns/film.film_location>,18
<http://rdf.freebase.com/ns/fictional_universe.fictional_setting>,16
<http://rdf.freebase.com/ns/location.country>,18
<http://rdf.freebase.com/ns/m.03c4hf3>,16
<http://rdf.freebase.com/ns/organization.organization_scope>,16
<http://rdf.freebase.com/ns/government.governmental_jurisdiction>,16
<http://rdf.freebase.com/ns/location.location>,20
<http://rdf.freebase.com/ns/location.statistical_region>,16
<http://rdf.freebase.com/ns/media_common.quotation_source>,73
<http://rdf.freebase.com/ns/m.05sy_5>,54
<http://rdf.freebase.com/ns/base.toronto.topic>,65
<http://rdf.freebase.com/ns/m.06f32>,21
<http://rdf.freebase.com/ns/base.ttiff.topic>,76
<http://rdf.freebase.com/ns/base.renesona.topic>,18
<http://rdf.freebase.com/ns/m.03cw411>,35
<http://rdf.freebase.com/ns/m.0chghy>,20
<http://rdf.freebase.com/ns/m.0401sg>,29
<http://rdf.freebase.com/ns/base.endofallthings.topic>,16
<http://rdf.freebase.com/ns/m.02vqpy9>,18
<http://rdf.freebase.com/ns/m.0c3351>,132
<http://rdf.freebase.com/ns/m.04typv8>,20
<http://rdf.freebase.com/ns/m.0f4_2k>,41
<http://rdf.freebase.com/ns/m.09gq0x5>,32
<http://rdf.freebase.com/ns/m.04gp58p>,28
<http://rdf.freebase.com/ns/m.09k56b7>,33
<http://rdf.freebase.com/ns/m.03ckwzc>,19
<http://rdf.freebase.com/ns/m.02704ff>,29
<http://rdf.freebase.com/ns/m.0cz_ym>,16
<http://rdf.freebase.com/ns/m.02xs6_>,62
<http://rdf.freebase.com/ns/m.0dcz8_>,18
<http://rdf.freebase.com/ns/m.0gc_c_>,16
<http://rdf.freebase.com/ns/m.02725hs>,17
<http://rdf.freebase.com/ns/m.0dnkmq>,36
<http://rdf.freebase.com/ns/m.020fcn>,22
<http://rdf.freebase.com/ns/m.03twd6>,16
<http://rdf.freebase.com/ns/m.03t97y>,39
<http://rdf.freebase.com/ns/m.050gkf>,16
<http://rdf.freebase.com/ns/m.028cg00>,40
<http://rdf.freebase.com/ns/m.06lw67>,20
<http://rdf.freebase.com/ns/m.02nx2k>,34
<http://rdf.freebase.com/ns/m.011wtv>,55
<http://rdf.freebase.com/ns/base.dystopia.topic>,16
<http://rdf.freebase.com/ns/base.washingtondc.topic>,18
<http://rdf.freebase.com/ns/m.0cq22t1>,113
<http://rdf.freebase.com/ns/language.human_language>,32
<http://rdf.freebase.com/ns/fictional_universe.fictional_language>,16
<http://rdf.freebase.com/ns/language.languoid>,20
<http://rdf.freebase.com/ns/user.ktrueman.default_domain.official_language>,16
<http://rdf.freebase.com/ns/education.field_of_study>,26
<http://rdf.freebase.com/ns/base.rosetta.languoid>,20
<http://rdf.freebase.com/ns/business.industry>,18
<http://rdf.freebase.com/ns/m.0cq22_5>,18
<http://rdf.freebase.com/ns/m.07g_0c>,17
<http://rdf.freebase.com/ns/m.03mqtr>,18
<http://rdf.freebase.com/ns/m.0cq22yy>,16
<http://rdf.freebase.com/ns/m.0c3z0>,29
<http://rdf.freebase.com/ns/m.02vrgnr>,28
<http://rdf.freebase.com/ns/m.05f4_n0>,27
<http://rdf.freebase.com/ns/m.04jpl>,109
<http://rdf.freebase.com/ns/m.01t_vv>,146
<http://rdf.freebase.com/ns/m.047tsx3>,53
<http://rdf.freebase.com/ns/m.048pk1>,19
<http://rdf.freebase.com/ns/m.07s0xx>,18
<http://rdf.freebase.com/ns/m.02q5g1z>,29
<http://rdf.freebase.com/ns/m.08zdvk>,16
<http://rdf.freebase.com/ns/m.07mkpx>,17
<http://rdf.freebase.com/ns/m.05zy3sc>,24
<http://rdf.freebase.com/ns/m.04j166c>,19
<http://rdf.freebase.com/ns/m.0drnwh>,58
<http://rdf.freebase.com/ns/m.057__d>,18
<http://rdf.freebase.com/ns/m.02c638>,19
<http://rdf.freebase.com/ns/m.09p0ct>,16
<http://rdf.freebase.com/ns/m.03nw7jl>,17
<http://rdf.freebase.com/ns/m.0cc87nl>,16
<http://rdf.freebase.com/ns/m.07psnr>,16
<http://rdf.freebase.com/ns/m.0b73_1d>,16
<http://rdf.freebase.com/ns/m.01pgp_>,17
<http://rdf.freebase.com/ns/m.09rl6pm>,16
<http://rdf.freebase.com/ns/m.04nvmwz>,18
<http://rdf.freebase.com/ns/m.02pzx0n>,20
<http://rdf.freebase.com/ns/m.04y7nj>,16
<http://rdf.freebase.com/ns/m.03hfzd3>,17
<http://rdf.freebase.com/ns/m.09rx80z>,17
<http://rdf.freebase.com/ns/m.0b6jwr_>,17
<http://rdf.freebase.com/ns/m.0b6dkgf>,17
<http://rdf.freebase.com/ns/m.0dlpp>,19
<http://rdf.freebase.com/ns/m.02r8_g6>,57
<http://rdf.freebase.com/ns/m.035zr0>,17
<http://rdf.freebase.com/ns/m.0c34mt>,20
<http://rdf.freebase.com/ns/m.0bj329>,16
<http://rdf.freebase.com/ns/m.02qp2yn>,40
<http://rdf.freebase.com/ns/m.0fjyzt>,16
<http://rdf.freebase.com/ns/m.039q43>,17
<http://rdf.freebase.com/ns/m.05fw0j>,19
<http://rdf.freebase.com/ns/m.04ynx7>,23
<http://rdf.freebase.com/ns/m.0d6_8r>,16
<http://rdf.freebase.com/ns/m.03s6l2>,22
<http://rdf.freebase.com/ns/m.02phtzk>,32
<http://rdf.freebase.com/ns/m.01y9r2>,21
<http://rdf.freebase.com/ns/m.027pfg>,44
<http://rdf.freebase.com/ns/m.07zyg6>,17
<http://rdf.freebase.com/ns/m.07yfwj3>,16
<http://rdf.freebase.com/ns/m.06yykb>,31
<http://rdf.freebase.com/ns/m.04w7rn>,17
<http://rdf.freebase.com/ns/m.0bl3nn>,16
<http://rdf.freebase.com/ns/m.0gj6pd>,31
<http://rdf.freebase.com/ns/m.075wx7_>,31
<http://rdf.freebase.com/ns/m.0d6_s>,44
<http://rdf.freebase.com/ns/base.animemanga.anime_manga_genre>,24
<http://rdf.freebase.com/ns/m.048vhl>,16
<http://rdf.freebase.com/ns/m.0g8zn3>,36
<http://rdf.freebase.com/ns/m.04ltcz>,17
<http://rdf.freebase.com/ns/m.0fygr7>,17
<http://rdf.freebase.com/ns/m.0dc_ms>,17
<http://rdf.freebase.com/ns/m.02wvxmq>,16
<http://rdf.freebase.com/ns/comic_books.comic_book_genre>,28
<http://rdf.freebase.com/ns/m.0292qb>,17
<http://rdf.freebase.com/ns/m.0520qr>,16
<http://rdf.freebase.com/ns/m.09fqgj>,36
<http://rdf.freebase.com/ns/m.02qt_l1>,22
<http://rdf.freebase.com/ns/media_common.literary_genre>,28
<http://rdf.freebase.com/ns/m.02vzxsf>,27
<http://rdf.freebase.com/ns/cvg.cvg_genre>,18
<http://rdf.freebase.com/ns/m.03d79mp>,10
<http://rdf.freebase.com/ns/m.07nt8p>,49
<http://rdf.freebase.com/ns/m.0fpvt4j>,8
<http://rdf.freebase.com/ns/m.03vnxd>,31
<http://rdf.freebase.com/ns/m.07yvsn>,52
<http://rdf.freebase.com/ns/m.01y9jr>,36
<http://rdf.freebase.com/ns/m.0dl6lqw>,10
<http://rdf.freebase.com/ns/m.02t_h3>,23
<http://rdf.freebase.com/ns/m.076v0wk>,22
<http://rdf.freebase.com/ns/m.07jqjx>,16
<http://rdf.freebase.com/ns/m.05mrf_p>,30
<http://rdf.freebase.com/ns/m.05bfg8>,13
<http://rdf.freebase.com/ns/m.02vyyl8>,17
<http://rdf.freebase.com/ns/m.07nr0s>,21
<http://rdf.freebase.com/ns/m.02qkwl>,33
<http://rdf.freebase.com/ns/m.0g6j0h>,35
<http://rdf.freebase.com/ns/m.0b6lcxd>,17
<http://rdf.freebase.com/ns/m.0bys_y>,27
<http://rdf.freebase.com/ns/m.03kg2v>,17
<http://rdf.freebase.com/ns/m.065dc4>,45
<http://rdf.freebase.com/ns/m.047qxs>,17
<http://rdf.freebase.com/ns/m.02q0v8n>,16
<http://rdf.freebase.com/ns/m.07s846j>,30
<http://rdf.freebase.com/ns/m.09bw4_>,43
<http://rdf.freebase.com/ns/m.02rdttz>,15
<http://rdf.freebase.com/ns/m.0n_hp>,16
<http://rdf.freebase.com/ns/m.07z6xs>,16
<http://rdf.freebase.com/ns/m.07yhfx>,16
<http://rdf.freebase.com/ns/m.06x43v>,16
<http://rdf.freebase.com/ns/m.02_sr1>,16
<http://rdf.freebase.com/ns/m.02pjc1h>,42
<http://rdf.freebase.com/ns/m.03ljzq>,25
<http://rdf.freebase.com/ns/m.0b40y4>,29
<http://rdf.freebase.com/ns/m.07f_7h>,37
<http://rdf.freebase.com/ns/m.020y73>,43
<http://rdf.freebase.com/ns/m.0bw20>,18
<http://rdf.freebase.com/ns/m.024l2y>,42
<http://rdf.freebase.com/ns/m.08vf4y>,18
<http://rdf.freebase.com/ns/m.0qm8b>,32
<http://rdf.freebase.com/ns/m.08h5ny>,39
<http://rdf.freebase.com/ns/m.03bwnf>,27
<http://rdf.freebase.com/ns/m.0cbv4g>,23
<http://rdf.freebase.com/ns/m.0c7tp5>,24
<http://rdf.freebase.com/ns/m.06rhz7>,28
<http://rdf.freebase.com/ns/m.05t54s>,31
<http://rdf.freebase.com/ns/m.02b61v>,29
<http://rdf.freebase.com/ns/m.0fq7dv_>,21
<http://rdf.freebase.com/ns/m.03typy>,21
<http://rdf.freebase.com/ns/m.07twr5>,31
<http://rdf.freebase.com/ns/m.0pc62>,38
<http://rdf.freebase.com/ns/m.02qhlwd>,23
<http://rdf.freebase.com/ns/m.01716t>,16
<http://rdf.freebase.com/ns/m.04cj79>,25
<http://rdf.freebase.com/ns/m.02d478>,22
<http://rdf.freebase.com/ns/m.06gjk9>,34
<http://rdf.freebase.com/ns/m.03nsm5x>,18
<http://rdf.freebase.com/ns/m.04cprb>,19
<http://rdf.freebase.com/ns/m.05nj1z>,9
<http://rdf.freebase.com/ns/m.0b2_5h>,11
<http://rdf.freebase.com/ns/m.05mpj0>,8
<http://rdf.freebase.com/ns/m.02bg55>,26
<http://rdf.freebase.com/ns/m.0287477>,34
<http://rdf.freebase.com/ns/m.08gsvw>,34
<http://rdf.freebase.com/ns/m.060v34>,17
<http://rdf.freebase.com/ns/m.02vnmg1>,35
<http://rdf.freebase.com/ns/m.047vnkj>,27
<http://rdf.freebase.com/ns/m.09rfh9>,18
<http://rdf.freebase.com/ns/m.05qbckf>,40
<http://rdf.freebase.com/ns/m.05lxv3>,13
<http://rdf.freebase.com/ns/m.0fj4vg>,15
<http://rdf.freebase.com/ns/m.063pm7>,14
<http://rdf.freebase.com/ns/base.pixarfilms.film>,18
<http://rdf.freebase.com/ns/m.03z9585>,38
<http://rdf.freebase.com/ns/m.05pbl56>,19
<http://rdf.freebase.com/ns/m.01g3gq>,11
<http://rdf.freebase.com/ns/m.06lkr2>,7
<http://rdf.freebase.com/ns/m.02x4fg0>,9
<http://rdf.freebase.com/ns/m.09ghb70>,17
<http://rdf.freebase.com/ns/m.025cm9>,15
<http://rdf.freebase.com/ns/m.0bwky98>,22
<http://rdf.freebase.com/ns/m.027ptkp>,4
<http://rdf.freebase.com/ns/m.02z574q>,13
<http://rdf.freebase.com/ns/m.044rz_>,8
<http://rdf.freebase.com/ns/m.02qgf6v>,7
<http://rdf.freebase.com/ns/m.03qn46g>,10
<http://rdf.freebase.com/ns/m.026pdy>,7
